date,Value
2000/2/1,11579
2000/3/1,11725
2000/4/1,12770
2000/5/1,12273
2000/6/1,12094
2000/7/1,11721
2000/8/1,11775
2000/9/1,10871
2000/10/1,11661
2000/11/1,12088
2000/12/1,12039
2001/1/1,12081
2001/2/1,12049
2001/3/1,11758
2001/4/1,11908
2001/5/1,11800
2001/6/1,11752
2001/7/1,11577
2001/8/1,11213
2001/9/1,9443
2001/10/1,9118
2001/11/1,8384
2001/12/1,7924
2002/1/1,7993
2002/2/1,8189
2002/3/1,8490
2002/4/1,8473
2002/5/1,8360
2002/6/10,8539
2002/6/17,8588
2002/6/24,8574
2002/7/1,8615
2002/7/8,8668
2002/7/15,8814
2002/7/22,8943
2002/7/29,9209
2002/8/5,9626
2002/8/12,10234
2002/8/19,10737
2002/8/26,10636
2002/9/2,10496
2002/9/9,10344
2002/9/16,10176
2002/9/23,10110
2002/9/30,10008
2002/10/14,10201
2002/10/21,10335
2002/10/28,10632
2002/11/4,10818
2002/11/11,10866
2002/11/18,10923
2002/11/25,10935
2002/12/2,11011
2002/12/9,11025
2002/12/16,11036
2002/12/23,11028
2002/12/30,11037
2003/1/6,11048
2003/1/13,11106
2003/1/20,11142
2003/1/27,11238
2003/2/17,11736
2003/2/24,12048
2003/3/3,12368
2003/3/10,12885
2003/3/17,13148
2003/3/24,13399
2003/3/31,13418
2003/4/7,13362
2003/4/14,13259
2003/4/21,13246
2003/4/28,13138
2003/5/14,12480
2003/5/19,12403
2003/5/26,12136
2003/6/2,12189
2003/6/9,12267
2003/6/16,12475
2003/6/23,12762
2003/6/25,12946
2003/6/30,13045
2003/7/2,13072
2003/7/7,13082
2003/7/9,13065
2003/7/14,13109
2003/7/16,13135
2003/7/21,13099
2003/7/23,13059
2003/7/28,13058
2003/7/30,13049
2003/8/4,13042
2003/8/6,13006
2003/8/11,13000
2003/8/13,12989
2003/8/18,12912
2003/8/20,12852
2003/8/25,12861
2003/8/27,12889
2003/9/1,12932
2003/9/3,13081
2003/9/8,13109
2003/9/10,13349
2003/9/15,13409
2003/9/17,13605
2003/9/22,13792
2003/9/24,13905
2003/9/29,14107
2003/10/8,15242
2003/10/13,15948
2003/10/15,16618
2003/10/20,17123
2003/10/22,17075
2003/10/27,17185
2003/10/29,17556
2003/11/3,17608
2003/11/5,17606
2003/11/10,17559
2003/11/12,17575
2003/11/17,17575
2003/11/19,17557
2003/11/24,17532
2003/11/26,17429
2003/12/1,17422
2003/12/3,17316
2003/12/8,17316
2003/12/10,17309
2003/12/15,17303
2003/12/17,17293
2003/12/22,17293
2003/12/25,17295
2003/12/29,17296
2003/12/31,17298
2004/1/5,17305
2004/1/7,17315
2004/1/8,17315
2004/1/12,17325
2004/1/15,17327
2004/1/19,17333
2004/2/2,17353
2004/2/5,17525
2004/2/9,17619
2004/2/12,17651
2004/2/16,17685
2004/2/19,17703
2004/2/23,17703
2004/2/26,17703
2004/3/1,17678
2004/3/4,17659
2004/3/8,17618
2004/3/11,17512
2004/3/15,17469
2004/3/18,17438
2004/3/22,17437
2004/3/25,17385
2004/3/29,17382
2004/4/1,17367
2004/4/5,17357
2004/4/8,17318
2004/4/12,17300
2004/4/15,17270
2004/4/19,17262
2004/4/22,17212
2004/4/26,17129
2004/4/29,17042
2004/5/2,16999
2004/5/10,16918
2004/5/13,16836
2004/5/17,16799
2004/5/20,16678
2004/5/24,16528
2004/5/27,16366
2004/5/31,16195
2004/6/3,15978
2004/6/7,15806
2004/6/10,15571
2004/6/14,15416
2004/6/17,15083
2004/6/21,14723
2004/6/24,14325
2004/6/28,14064
2004/7/1,13988
2004/7/5,13929
2004/7/8,13619
2004/7/12,13549
2004/7/15,13486
2004/7/16,13468
2004/7/19,13472
2004/7/20,13472
2004/7/21,13476
2004/7/22,13475
2004/7/23,13482
2004/7/26,13486
2004/7/27,13488
2004/7/28,13482
2004/7/29,13482
2004/7/30,13483
2004/8/2,13483
2004/8/3,13485
2004/8/4,13485
2004/8/5,13485
2004/8/6,13482
2004/8/9,13412
2004/8/10,13402
2004/8/11,13390
2004/8/12,13261
2004/8/13,13176
2004/8/16,13013
2004/8/17,12915
2004/8/18,12900
2004/8/19,12845
2004/8/20,12845
2004/8/23,12796
2004/8/24,12778
2004/8/25,12769
2004/8/26,12769
2004/8/27,12768
2004/8/30,12748
2004/8/31,12748
2004/9/1,12747
2004/9/2,12748
2004/9/3,12745
2004/9/6,12742
2004/9/7,12743
2004/9/8,12736
2004/9/9,12738
2004/9/10,12759
2004/9/13,12798
2004/9/14,12826
2004/9/15,12852
2004/9/16,12871
2004/9/17,12879
2004/9/20,12881
2004/9/21,12956
2004/9/22,13009
2004/9/23,13128
2004/9/24,13129
2004/9/27,13136
2004/9/28,13136
2004/9/29,13142
2004/9/30,13129
2004/10/5,13039
2004/10/6,13033
2004/10/7,13026
2004/10/8,13016
2004/10/9,12916
2004/10/10,12889
2004/10/11,12729
2004/10/12,12561
2004/10/13,12505
2004/10/14,12455
2004/10/15,12379
2004/10/18,12252
2004/10/19,12077
2004/10/20,11976
2004/10/21,11857
2004/10/22,11768
2004/10/25,11619
2004/10/26,11481
2004/10/27,11396
2004/10/28,11402
2004/10/29,11415
2004/11/1,11458
2004/11/2,11503
2004/11/3,11503
2004/11/4,11506
2004/11/5,11518
2004/11/8,11523
2004/11/9,11518
2004/11/10,11521
2004/11/11,11508
2004/11/12,11498
2004/11/15,11492
2004/11/16,11492
2004/11/17,11491
2004/11/18,11489
2004/11/19,11486
2004/11/22,11479
2004/11/23,11468
2004/11/24,11459
2004/11/25,11453
2004/11/26,11447
2004/11/29,11438
2004/11/30,11419
2004/12/1,11387
2004/12/2,11379
2004/12/3,11371
2004/12/6,11365
2004/12/7,11359
2004/12/8,11353
2004/12/9,11341
2004/12/10,11336
2004/12/13,11329
2004/12/14,11323
2004/12/15,11317
2004/12/16,11316
2004/12/17,11309
2004/12/20,11303
2004/12/21,11285
2004/12/22,11279
2004/12/23,11271
2004/12/24,11266
2004/12/27,11265
2004/12/28,11265
2004/12/29,11263
2004/12/30,11265
2004/12/31,11265
2005/1/3,11266
2005/1/4,11267
2005/1/5,11273
2005/1/6,11279
2005/1/7,11285
2005/1/10,11291
2005/1/11,11293
2005/1/12,11296
2005/1/13,11299
2005/1/14,11302
2005/1/17,11309
2005/1/18,11345
2005/1/19,11351
2005/1/20,11356
2005/1/21,11359
2005/1/24,11368
2005/1/25,11393
2005/1/26,11413
2005/1/27,11430
2005/1/28,11459
2005/1/31,11471
2005/2/1,11483
2005/2/2,11509
2005/2/3,11528
2005/2/4,11531
2005/2/5,11533
2005/2/6,11538
2005/2/7,11539
2005/2/8,11539
2005/2/16,11539
2005/2/17,11545
2005/2/18,11550
2005/2/21,11555
2005/2/22,11689
2005/2/23,11722
2005/2/24,11745
2005/2/25,11788
2005/2/28,11796
2005/3/1,11851
2005/3/2,11903
2005/3/3,11978
2005/3/4,12007
2005/3/7,12025
2005/3/8,12038
2005/3/9,12038
2005/3/10,12039
2005/3/11,12039
2005/3/14,12036
2005/3/15,12036
2005/3/16,12038
2005/3/17,12036
2005/3/18,12037
2005/3/21,12039
2005/3/22,12033
2005/3/23,12034
2005/3/24,12028
2005/3/25,12019
2005/3/28,12017
2005/3/29,12018
2005/3/30,12021
2005/3/31,12023
2005/4/1,12052
2005/4/4,12061
2005/4/5,12077
2005/4/6,12098
2005/4/7,12099
2005/4/8,12110
2005/4/11,12112
2005/4/12,12178
2005/4/13,12186
2005/4/14,12217
2005/4/15,12286
2005/4/18,12313
2005/4/19,12499
2005/4/20,12586
2005/4/21,12689
2005/4/22,12700
2005/4/25,12728
2005/4/26,12839
2005/4/27,12925
2005/4/28,13072
2005/4/29,13148
2005/4/30,13166
2005/5/5,13182
2005/5/6,13188
2005/5/7,13206
2005/5/8,13242
2005/5/9,13247
2005/5/10,13253
2005/5/11,13305
2005/5/12,13367
2005/5/13,13372
2005/5/16,13373
2005/5/17,13375
2005/5/18,13385
2005/5/19,13405
2005/5/20,13476
2005/5/23,13522
2005/5/24,13499
2005/5/25,13471
2005/5/26,13386
2005/5/27,13269
2005/5/30,13246
2005/5/31,13246
2005/6/1,13246
2005/6/2,13239
2005/6/3,13238
2005/6/6,13222
2005/6/7,13223
2005/6/8,13221
2005/6/9,13228
2005/6/10,13231
2005/6/13,13236
2005/6/14,13287
2005/6/15,13292
2005/6/16,13306
2005/6/17,13458
2005/6/20,13332
2005/6/21,13346
2005/6/22,13352
2005/6/23,13352
2005/6/24,13372
2005/6/27,13420
2005/6/28,13426
2005/6/29,13433
2005/6/30,13432
2005/7/1,13435
2005/7/4,13435
2005/7/5,13447
2005/7/6,13447
2005/7/7,13456
2005/7/8,13473
2005/7/11,13487
2005/7/12,13489
2005/7/13,13505
2005/7/14,13505
2005/7/15,13513
2005/7/18,13519
2005/7/19,13526
2005/7/20,13526
2005/7/21,13523
2005/7/22,13523
2005/7/25,13522
2005/7/26,13521
2005/7/27,13521
2005/7/28,13521
2005/7/29,13521
2005/8/1,13519
2005/8/2,13519
2005/8/3,13515
2005/8/4,13509
2005/8/5,13501
2005/8/8,13495
2005/8/9,13492
2005/8/10,13486
2005/8/11,13471
2005/8/12,13468
2005/8/15,13435
2005/8/16,13408
2005/8/17,13399
2005/8/18,13390
2005/8/19,13389
2005/8/22,13385
2005/8/23,13385
2005/8/24,13355
2005/8/25,13335
2005/8/26,13312
2005/8/29,13306
2005/8/30,13305
2005/8/31,13305
2005/9/1,13293
2005/9/2,13281
2005/9/5,13279
2005/9/6,13279
2005/9/7,13281
2005/9/8,13282
2005/9/9,13286
2005/9/12,13288
2005/9/13,13293
2005/9/14,13295
2005/9/15,13301
2005/9/16,13318
2005/9/19,13335
2005/9/20,13342
2005/9/21,13355
2005/9/22,13380
2005/9/23,13397
2005/9/26,13402
2005/9/27,13408
2005/9/28,13495
2005/9/29,13571
2005/9/30,13748
2005/10/5,13796
2005/10/6,13893
2005/10/7,13926
2005/10/8,13928
2005/10/9,14083
2005/10/10,14086
2005/10/11,14087
2005/10/12,14149
2005/10/13,14150
2005/10/14,14181
2005/10/17,14216
2005/10/18,14217
2005/10/19,14296
2005/10/20,14296
2005/10/21,14293
2005/10/24,14249
2005/10/25,14249
2005/10/26,14249
2005/10/27,14243
2005/10/28,14227
2005/10/31,14208
2005/11/1,14191
2005/11/2,14178
2005/11/3,14173
2005/11/4,14165
2005/11/7,14158
2005/11/8,14161
2005/11/9,14171
2005/11/10,14162
2005/11/11,14162
2005/11/14,14163
2005/11/15,14163
2005/11/16,14169
2005/11/17,14181
2005/11/18,14186
2005/11/21,14197
2005/11/22,14199
2005/11/23,14199
2005/11/24,14199
2005/11/25,14198
2005/11/28,14193
2005/11/29,14187
2005/11/30,14182
2005/12/1,14173
2005/12/2,14168
2005/12/5,14161
2005/12/6,14136
2005/12/7,14127
2005/12/8,14123
2005/12/9,14121
2005/12/12,14121
2005/12/13,14122
2005/12/14,14125
2005/12/15,14126
2005/12/16,14132
2005/12/19,14138
2005/12/20,14148
2005/12/21,14149
2005/12/22,14149
2005/12/23,14150
2005/12/26,14150
2005/12/27,14156
2005/12/28,14163
2005/12/29,14166
2005/12/30,14167
2005/12/31,14168
2006/1/4,14173
2006/1/5,14174
2006/1/6,14175
2006/1/9,14221
2006/1/10,14308
2006/1/11,14313
2006/1/12,14315
2006/1/13,14315
2006/1/16,14315
2006/1/17,14316
2006/1/18,14316
2006/1/19,14319
2006/1/20,14319
2006/1/23,14318
2006/1/24,14319
2006/1/25,14327
2006/1/26,14327
2006/1/27,14326
2006/2/5,14327
2006/2/6,14328
2006/2/7,14355
2006/2/8,14372
2006/2/9,14385
2006/2/10,14387
2006/2/13,14387
2006/2/14,14402
2006/2/15,14407
2006/2/16,14413
2006/2/17,14413
2006/2/20,14415
2006/2/21,14421
2006/2/22,14421
2006/2/23,14422
2006/2/24,14422
2006/2/27,14420
2006/2/28,14405
2006/3/1,14380
2006/3/2,14355
2006/3/3,14326
2006/3/6,14287
2006/3/7,14271
2006/3/8,14261
2006/3/9,14249
2006/3/10,14240
2006/3/13,14239
2006/3/14,14238
2006/3/15,14237
2006/3/16,14232
2006/3/17,14230
2006/3/20,14225
2006/3/21,14225
2006/3/22,14206
2006/3/23,14151
2006/3/24,14148
2006/3/27,14147
2006/3/28,14145
2006/3/29,14142
2006/3/30,14119
2006/3/31,14117
2006/4/3,14116
2006/4/4,14115
2006/4/5,14115
2006/4/6,14115
2006/4/7,14112
2006/4/10,14110
2006/4/11,14105
2006/4/12,14100
2006/4/13,14099
2006/4/14,14096
2006/4/17,14096
2006/4/18,14101
2006/4/19,14102
2006/4/20,14102
2006/4/21,14103
2006/4/24,14103
2006/4/25,14103
2006/4/26,14098
2006/4/27,14096
2006/4/28,14093
2006/4/29,14092
2006/4/30,14090
2006/5/8,14081
2006/5/9,14080
2006/5/10,14077
2006/5/11,14075
2006/5/12,14073
2006/5/15,14072
2006/5/16,14072
2006/5/17,14072
2006/5/18,14071
2006/5/19,14071
2006/5/22,14069
2006/5/23,14067
2006/5/24,14059
2006/5/25,14057
2006/5/26,14057
2006/5/29,14057
2006/5/30,14055
2006/5/31,14050
2006/6/1,14045
2006/6/2,14038
2006/6/5,14039
2006/6/6,14040
2006/6/7,14042
2006/6/8,14063
2006/6/9,14065
2006/6/12,14066
2006/6/13,14066
2006/6/14,14066
2006/6/15,14067
2006/6/16,14067
2006/6/19,14066
2006/6/20,14060
2006/6/21,14055
2006/6/22,14055
2006/6/23,14055
2006/6/26,14055
2006/6/27,14052
2006/6/28,14047
2006/6/29,14029
2006/6/30,14001
2006/7/3,13995
2006/7/4,13992
2006/7/5,13989
2006/7/6,13982
2006/7/7,13977
2006/7/10,13976
2006/7/11,13975
2006/7/12,13975
2006/7/13,13972
2006/7/14,13963
2006/7/17,13955
2006/7/18,13940
2006/7/19,13931
2006/7/20,13926
2006/7/21,13926
2006/7/24,13920
2006/7/25,13918
2006/7/26,13918
2006/7/27,13916
2006/7/28,13915
2006/7/31,13915
2006/8/1,13915
2006/8/2,13918
2006/8/3,13918
2006/8/4,13919
2006/8/7,13922
2006/8/8,13949
2006/8/9,13967
2006/8/10,13979
2006/8/11,14036
2006/8/14,14055
2006/8/15,14056
2006/8/16,14053
2006/8/17,14053
2006/8/18,14053
2006/8/21,14056
2006/8/22,14056
2006/8/23,14057
2006/8/24,14059
2006/8/25,14065
2006/8/28,14066
2006/8/29,14067
2006/8/30,14068
2006/8/31,14068
2006/9/1,14070
2006/9/4,14076
2006/9/5,14080
2006/9/6,14084
2006/9/7,14085
2006/9/8,14086
2006/9/11,14087
2006/9/12,14088
2006/9/13,14089
2006/9/14,14082
2006/9/15,14078
2006/9/18,14012
2006/9/19,13999
2006/9/20,13969
2006/9/21,13953
2006/9/22,13951
2006/9/25,13942
2006/9/26,13889
2006/9/27,13814
2006/9/28,13702
2006/9/29,13662
2006/9/30,13624
2006/10/5,13353
2006/10/6,13296
2006/10/7,13286
2006/10/8,13202
2006/10/9,13147
2006/10/10,13093
2006/10/11,13069
2006/10/12,13047
2006/10/13,13043
2006/10/16,12989
2006/10/17,12920
2006/10/18,12869
2006/10/19,12843
2006/10/20,12811
2006/10/23,12743
2006/10/24,12706
2006/10/25,12691
2006/10/26,12670
2006/10/27,12645
2006/10/30,12640
2006/10/31,12625
2006/11/1,12622
2006/11/2,12616
2006/11/3,12613
2006/11/6,12609
2006/11/7,12606
2006/11/8,12607
2006/11/9,12611
2006/11/10,12613
2006/11/13,12620
2006/11/14,12640
2006/11/15,12642
2006/11/16,12650
2006/11/17,12659
2006/11/20,12668
2006/11/21,12675
2006/11/22,12678
2006/11/23,12679
2006/11/24,12682
2006/11/27,12693
2006/11/28,12702
2006/11/29,12714
2006/11/30,12730
2006/12/1,12736
2006/12/4,12742
2006/12/5,12744
2006/12/6,12747
2006/12/7,12751
2006/12/8,12753
2006/12/11,12762
2006/12/12,12764
2006/12/13,12768
2006/12/14,12775
2006/12/15,12788
2006/12/18,12803
2006/12/19,12808
2006/12/20,12823
2006/12/21,12825
2006/12/22,12830
2006/12/25,12831
2006/12/26,12832
2006/12/27,12835
2006/12/28,12849
2006/12/29,12853
2006/12/30,12854
2006/12/31,12857
2007/1/4,12859
2007/1/5,12865
2007/1/8,12870
2007/1/9,12877
2007/1/10,12883
2007/1/11,12892
2007/1/12,12899
2007/1/15,12900
2007/1/16,12901
2007/1/17,12905
2007/1/18,12914
2007/1/19,12924
2007/1/22,12942
2007/1/23,12957
2007/1/24,12963
2007/1/25,12966
2007/1/26,12974
2007/1/29,12981
2007/1/30,12987
2007/1/31,12993
2007/2/1,12995
2007/2/2,12998
2007/2/5,13000
2007/2/6,13003
2007/2/7,13007
2007/2/8,13007
2007/2/9,13009
2007/2/12,13015
2007/2/13,13018
2007/2/14,13023
2007/2/15,13024
2007/2/16,13026
2007/2/17,13026
2007/2/25,13027
2007/2/26,13030
2007/2/27,13032
2007/2/28,13032
2007/3/1,13033
2007/3/2,13035
2007/3/5,13039
2007/3/6,13040
2007/3/7,13043
2007/3/8,13046
2007/3/9,13047
2007/3/12,13049
2007/3/13,13050
2007/3/14,13051
2007/3/15,13051
2007/3/16,13052
2007/3/19,13052
2007/3/20,13054
2007/3/21,13056
2007/3/22,13059
2007/3/23,13063
2007/3/26,13063
2007/3/27,13068
2007/3/28,13070
2007/3/29,13070
2007/3/30,13067
2007/4/2,13066
2007/4/3,13063
2007/4/4,13063
2007/4/5,13063
2007/4/6,13066
2007/4/9,13066
2007/4/10,13057
2007/4/11,13050
2007/4/12,13048
2007/4/13,13039
2007/4/16,13032
2007/4/17,13022
2007/4/18,13008
2007/4/19,13001
2007/4/20,12992
2007/4/23,12976
2007/4/24,12975
2007/4/25,12977
2007/4/26,12977
2007/4/27,12973
2007/4/28,12973
2007/4/29,12977
2007/4/30,12978
2007/5/8,12979
2007/5/9,12966
2007/5/10,12956
2007/5/11,12955
2007/5/14,12948
2007/5/15,12948
2007/5/16,12949
2007/5/17,12950
2007/5/18,12951
2007/5/21,12952
2007/5/22,12958
2007/5/23,12970
2007/5/24,12972
2007/5/25,12989
2007/5/28,12998
2007/5/29,13003
2007/5/30,13009
2007/5/31,13026
2007/6/1,13050
2007/6/4,13067
2007/6/5,13085
2007/6/6,13091
2007/6/7,13104
2007/6/8,13111
2007/6/11,13122
2007/6/12,13148
2007/6/13,13288
2007/6/14,13298
2007/6/15,13338
2007/6/18,13380
2007/6/19,13477
2007/6/20,13542
2007/6/21,13555
2007/6/22,13622
2007/6/25,13674
2007/6/26,13692
2007/6/27,13738
2007/6/28,13757
2007/6/29,13781
2007/7/2,13791
2007/7/3,13805
2007/7/4,13852
2007/7/5,13887
2007/7/6,13937
2007/7/9,13979
2007/7/10,14009
2007/7/11,14046
2007/7/12,14093
2007/7/13,14125
2007/7/16,14176
2007/7/17,14200
2007/7/18,14246
2007/7/19,14311
2007/7/20,14339
2007/7/23,14383
2007/7/24,14445
2007/7/25,14476
2007/7/26,14487
2007/7/27,14479
2007/7/30,14474
2007/7/31,14500
2007/8/1,14527
2007/8/2,14553
2007/8/3,14545
2007/8/6,14541
2007/8/7,14523
2007/8/8,14522
2007/8/9,14501
2007/8/10,14496
2007/8/13,14480
2007/8/14,14476
2007/8/15,14469
2007/8/16,14465
2007/8/17,14468
2007/8/20,14453
2007/8/21,14437
2007/8/22,14411
2007/8/23,14401
2007/8/24,14358
2007/8/27,14314
2007/8/28,14296
2007/8/29,14289
2007/8/30,14283
2007/8/31,14273
2007/9/3,14267
2007/9/4,14243
2007/9/5,14232
2007/9/6,14139
2007/9/7,14111
2007/9/10,14067
2007/9/11,13967
2007/9/12,13935
2007/9/13,13899
2007/9/14,13838
2007/9/17,13767
2007/9/18,13638
2007/9/19,13599
2007/9/20,13530
2007/9/21,13455
2007/9/24,13369
2007/9/25,13233
2007/9/26,13135
2007/9/27,13087
2007/9/28,13032
2007/9/29,13023
2007/9/30,12990
2007/10/8,13037
2007/10/9,13133
2007/10/10,13153
2007/10/11,13205
2007/10/12,13225
2007/10/15,13230
2007/10/16,13294
2007/10/17,13371
2007/10/18,13400
2007/10/19,13469
2007/10/22,13532
2007/10/23,13555
2007/10/24,13578
2007/10/25,13577
2007/10/26,13563
2007/10/29,13546
2007/10/30,13536
2007/10/31,13536
2007/11/1,13512
2007/11/2,13517
2007/11/5,13519
2007/11/6,13548
2007/11/7,13533
2007/11/8,13533
2007/11/9,13533
2007/11/12,13543
2007/11/13,13543
2007/11/14,13541
2007/11/15,13541
2007/11/16,13541
2007/11/19,13535
2007/11/20,13538
2007/11/21,13539
2007/11/22,13541
2007/11/23,13541
2007/11/26,13542
2007/11/27,13541
2007/11/28,13533
2007/11/29,13525
2007/11/30,13525
2007/12/3,13525
2007/12/4,13519
2007/12/5,13515
2007/12/6,13515
2007/12/7,13512
2007/12/10,13511
2007/12/11,13509
2007/12/12,13509
2007/12/13,13511
2007/12/14,13519
2007/12/17,13520
2007/12/18,13525
2007/12/19,13533
2007/12/20,13532
2007/12/21,13538
2007/12/24,13543
2007/12/25,13546
2007/12/26,13552
2007/12/27,13565
2007/12/28,13567
2007/12/29,13572
2008/1/2,13581
2008/1/3,13586
2008/1/4,13588
2008/1/7,13589
2008/1/8,13602
2008/1/9,13608
2008/1/10,13609
2008/1/11,13611
2008/1/14,13609
2008/1/15,13608
2008/1/16,13616
2008/1/17,13616
2008/1/18,13617
2008/1/21,13634
2008/1/22,13633
2008/1/23,13639
2008/1/24,13641
2008/1/25,13649
2008/1/28,13657
2008/1/29,13663
2008/1/30,13666
2008/1/31,13669
2008/2/1,13671
2008/2/2,13673
2008/2/3,13673
2008/2/4,13675
2008/2/5,13676
2008/2/13,13679
2008/2/14,13680
2008/2/15,13683
2008/2/18,13695
2008/2/19,13708
2008/2/20,13716
2008/2/21,13716
2008/2/22,13719
2008/2/25,13751
2008/2/26,13763
2008/2/27,13789
2008/2/28,13791
2008/2/29,13796
2008/3/3,13801
2008/3/4,13810
2008/3/5,13819
2008/3/6,13821
2008/3/7,13835
2008/3/10,13840
2008/3/11,13845
2008/3/12,13850
2008/3/13,13851
2008/3/14,13849
2008/3/17,13847
2008/3/18,13847
2008/3/19,13847
2008/3/20,13839
2008/3/21,13838
2008/3/24,13831
2008/3/25,13830
2008/3/26,13830
2008/3/27,13827
2008/3/28,13826
2008/3/31,13823
2008/4/1,13812
2008/4/2,13811
2008/4/3,13811
2008/4/7,13802
2008/4/8,13800
2008/4/9,13803
2008/4/10,13803
2008/4/11,13805
2008/4/14,13798
2008/4/15,13795
2008/4/16,13799
2008/4/17,13805
2008/4/18,13807
2008/4/21,13808
2008/4/22,13810
2008/4/23,13813
2008/4/24,13810
2008/4/25,13802
2008/4/28,13803
2008/4/29,13800
2008/4/30,13795
2008/5/4,13792
2008/5/5,13789
2008/5/6,13790
2008/5/7,13792
2008/5/8,13792
2008/5/9,13795
2008/5/12,13798
2008/5/13,13797
2008/5/14,13797
2008/5/15,13791
2008/5/16,13787
2008/5/19,13790
2008/5/20,13790
2008/5/21,13789
2008/5/22,13816
2008/5/23,13818
2008/5/26,13830
2008/5/27,13835
2008/5/28,13839
2008/5/29,13847
2008/5/30,13846
2008/6/2,13846
2008/6/3,13846
2008/6/4,13846
2008/6/5,13848
2008/6/6,13848
2008/6/10,13853
2008/6/11,13853
2008/6/12,13853
2008/6/13,13856
2008/6/16,13862
2008/6/17,13867
2008/6/18,13867
2008/6/19,13867
2008/6/20,13867
2008/6/23,13868
2008/6/24,13868
2008/6/25,13871
2008/6/26,13863
2008/6/27,13863
2008/6/30,13863
2008/7/1,13862
2008/7/2,13859
2008/7/3,13855
2008/7/4,13846
2008/7/7,13843
2008/7/8,13843
2008/7/9,13836
2008/7/10,13823
2008/7/11,13790
2008/7/14,13788
2008/7/15,13770
2008/7/16,13750
2008/7/17,13743
2008/7/18,13742
2008/7/21,13731
2008/7/22,13731
2008/7/23,13727
2008/7/24,13702
2008/7/25,13702
2008/7/28,13699
2008/7/29,13695
2008/7/30,13676
2008/7/31,13675
2008/8/1,13673
2008/8/4,13673
2008/8/5,13670
2008/8/6,13661
2008/8/7,13655
2008/8/8,13651
2008/8/11,13650
2008/8/12,13636
2008/8/13,13605
2008/8/14,13600
2008/8/15,13588
2008/8/18,13572
2008/8/19,13562
2008/8/20,13547
2008/8/21,13531
2008/8/22,13520
2008/8/25,13518
2008/8/26,13502
2008/8/27,13497
2008/8/28,13488
2008/8/29,13485
2008/9/1,13464
2008/9/2,13437
2008/9/3,13427
2008/9/4,13406
2008/9/5,13393
2008/9/8,13377
2008/9/9,13310
2008/9/10,13307
2008/9/11,13290
2008/9/12,13265
2008/9/16,13247
2008/9/17,13203
2008/9/18,13179
2008/9/19,13021
2008/9/22,12985
2008/9/23,12945
2008/9/24,12927
2008/9/25,12926
2008/9/26,12886
2008/9/27,12876
2008/9/28,12846
2008/10/6,12823
2008/10/7,12707
2008/10/8,12695
2008/10/9,12666
2008/10/10,12653
2008/10/13,12621
2008/10/14,12553
2008/10/15,12512
2008/10/16,12489
2008/10/17,12416
2008/10/20,12330
2008/10/21,12188
2008/10/22,12163
2008/10/23,12135
2008/10/24,12082
2008/10/27,12041
2008/10/28,11940
2008/10/29,11910
2008/10/30,11773
2008/10/31,11746
2008/11/3,11685
2008/11/4,11582
2008/11/5,11511
2008/11/6,11433
2008/11/7,11276
2008/11/10,11126
2008/11/11,10968
2008/11/12,10821
2008/11/13,10643
2008/11/14,10569
2008/11/17,10510
2008/11/18,10411
2008/11/19,10402
2008/11/20,10395
2008/11/21,10436
2008/11/24,10435
2008/11/25,10511
2008/11/26,10596
2008/11/27,10629
2008/11/28,10662
2008/12/1,10676
2008/12/2,10697
2008/12/3,10749
2008/12/4,10786
2008/12/5,10785
2008/12/8,10791
2008/12/9,10808
2008/12/10,10811
2008/12/11,10822
2008/12/12,10825
2008/12/15,10828
2008/12/16,10839
2008/12/17,10857
2008/12/18,10885
2008/12/19,10891
2008/12/22,10896
2008/12/23,10906
2008/12/24,10914
2008/12/25,10920
2008/12/26,10925
2008/12/29,10933
2008/12/30,10935
2008/12/31,10953
2009/1/4,10966
2009/1/5,10995
2009/1/6,11023
2009/1/7,11053
2009/1/8,11081
2009/1/9,11089
2009/1/12,11090
2009/1/13,11087
2009/1/14,11085
2009/1/15,11077
2009/1/16,11072
2009/1/19,11075
2009/1/20,11083
2009/1/21,11088
2009/1/22,11089
2009/1/23,11090
2009/1/24,11092
2009/2/1,11092
2009/2/2,11087
2009/2/3,11095
2009/2/4,11096
2009/2/5,11115
2009/2/6,11117
2009/2/9,11119
2009/2/10,11150
2009/2/11,11157
2009/2/12,11165
2009/2/13,11176
2009/2/16,11192
2009/2/17,11198
2009/2/18,11213
2009/2/19,11256
2009/2/20,11308
2009/2/23,11322
2009/2/24,11341
2009/2/25,11414
2009/2/26,11436
2009/2/27,11436
2009/3/2,11445
2009/3/3,11450
2009/3/4,11452
2009/3/5,11455
2009/3/6,11457
2009/3/9,11455
2009/3/10,11477
2009/3/11,11500
2009/3/12,11521
2009/3/13,11540
2009/3/16,11546
2009/3/17,11577
2009/3/18,11597
2009/3/19,11608
2009/3/20,11635
2009/3/23,11648
2009/3/24,11655
2009/3/25,11666
2009/3/26,11669
2009/3/27,11679
2009/3/30,11682
2009/3/31,11692
2009/4/1,11721
2009/4/2,11806
2009/4/3,11819
2009/4/7,11892
2009/4/8,11941
2009/4/9,12027
2009/4/10,12082
2009/4/13,12172
2009/4/14,12291
2009/4/15,12359
2009/4/16,12399
2009/4/17,12469
2009/4/20,12501
2009/4/21,12567
2009/4/22,12609
2009/4/23,12629
2009/4/24,12673
2009/4/27,12686
2009/4/28,12696
2009/4/29,12713
2009/4/30,12716
2009/5/4,12719
2009/5/5,12745
2009/5/6,12751
2009/5/7,12756
2009/5/8,12756
2009/5/11,12766
2009/5/12,12766
2009/5/13,12765
2009/5/14,12767
2009/5/15,12782
2009/5/18,12787
2009/5/19,12789
2009/5/20,12797
2009/5/21,12798
2009/5/22,12791
2009/5/25,12786
2009/5/26,12778
2009/5/27,12771
2009/5/31,12779
2009/6/1,12777
2009/6/2,12771
2009/6/3,12762
2009/6/4,12756
2009/6/5,12750
2009/6/8,12741
2009/6/9,12740
2009/6/10,12726
2009/6/11,12741
2009/6/12,12741
2009/6/15,12750
2009/6/16,12753
2009/6/17,12779
2009/6/18,12785
2009/6/19,12785
2009/6/22,12790
2009/6/23,12790
2009/6/24,12793
2009/6/25,12800
2009/6/26,12825
2009/6/29,12831
2009/6/30,12836
2009/7/1,12839
2009/7/2,12851
2009/7/3,12863
2009/7/6,12869
2009/7/7,12875
2009/7/8,12887
2009/7/9,12889
2009/7/10,12897
2009/7/13,12919
2009/7/14,12941
2009/7/15,12962
2009/7/16,12969
2009/7/17,12987
2009/7/20,13025
2009/7/21,13055
2009/7/22,13078
2009/7/23,13079
2009/7/24,13082
2009/7/27,13087
2009/7/28,13093
2009/7/29,13110
2009/7/30,13131
2009/7/31,13138
2009/8/3,13144
2009/8/4,13177
2009/8/5,13187
2009/8/6,13188
2009/8/7,13188
2009/8/10,13187
2009/8/11,13186
2009/8/12,13188
2009/8/13,13187
2009/8/14,13186
2009/8/17,13178
2009/8/18,13168
2009/8/19,13136
2009/8/20,13128
2009/8/21,13123
2009/8/24,13098
2009/8/25,13078
2009/8/26,13058
2009/8/27,13036
2009/8/28,13026
2009/8/31,13011
2009/9/1,12977
2009/9/2,12972
2009/9/3,12965
2009/9/4,12949
2009/9/7,12940
2009/9/8,12949
2009/9/9,12959
2009/9/10,12978
2009/9/11,13005
2009/9/14,13016
2009/9/15,13018
2009/9/16,13049
2009/9/17,13057
2009/9/18,13063
2009/9/21,13068
2009/9/22,13077
2009/9/23,13099
2009/9/24,13108
2009/9/25,13117
2009/9/27,13123
2009/9/28,13143
2009/9/29,13149
2009/9/30,13147
2009/10/9,13232
2009/10/10,13251
2009/10/12,13299
2009/10/13,13331
2009/10/14,13422
2009/10/15,13495
2009/10/16,13570
2009/10/19,13598
2009/10/20,13691
2009/10/21,13775
2009/10/22,13873
2009/10/23,13851
2009/10/26,13857
2009/10/27,13921
2009/10/28,13950
2009/10/29,14002
2009/10/30,14022
2009/11/2,14023
2009/11/3,14032
2009/11/4,14045
2009/11/5,14047
2009/11/6,14059
2009/11/9,14117
2009/11/10,14148
2009/11/11,14180
2009/11/12,14211
2009/11/13,14229
2009/11/16,14235
2009/11/17,14281
2009/11/18,14316
2009/11/19,14361
2009/11/20,14371
2009/11/23,14415
2009/11/24,14543
2009/11/25,14632
2009/11/26,14731
2009/11/27,14769
2009/11/30,14758
2009/12/1,14737
2009/12/2,14729
2009/12/3,14735
2009/12/4,14738
2009/12/7,14745
2009/12/8,14765
2009/12/9,14801
2009/12/10,14801
2009/12/11,14796
2009/12/14,14799
2009/12/15,14797
2009/12/16,14806
2009/12/17,14839
2009/12/18,14842
2009/12/21,14842
2009/12/22,14839
2009/12/23,14839
2009/12/24,14836
2009/12/25,14833
2009/12/28,14833
2009/12/29,14853
2009/12/30,14860
2009/12/31,14873
2010/1/4,14879
2010/1/5,14925
2010/1/6,14941
2010/1/7,14947
2010/1/8,14942
2010/1/11,14943
2010/1/12,14948
2010/1/13,14957
2010/1/14,14958
2010/1/15,14932
2010/1/18,14927
2010/1/19,14929
2010/1/20,14931
2010/1/21,14937
2010/1/22,14937
2010/1/25,14933
2010/1/26,14931
2010/1/27,14926
2010/1/28,14909
2010/1/29,14899
2010/2/1,14893
2010/2/2,14887
2010/2/3,14870
2010/2/4,14868
2010/2/5,14865
2010/2/8,14862
2010/2/9,14870
2010/2/10,14883
2010/2/11,14886
2010/2/12,14892
2010/2/20,14897
2010/2/21,14912
2010/2/22,14928
2010/2/23,14943
2010/2/24,14959
2010/2/25,14979
2010/2/26,14990
2010/3/1,15063
2010/3/2,15141
2010/3/3,15165
2010/3/4,15181
2010/3/5,15200
2010/3/8,15236
2010/3/9,15279
2010/3/10,15289
2010/3/11,15321
2010/3/12,15361
2010/3/15,15435
2010/3/16,15502
2010/3/17,15585
2010/3/18,15673
2010/3/19,15704
2010/3/22,15767
2010/3/23,15823
2010/3/24,15925
2010/3/25,16007
2010/3/26,16026
2010/3/29,16064
2010/3/30,16077
2010/3/31,16083
2010/4/1,16095
2010/4/2,16101
2010/4/6,16118
2010/4/7,16179
2010/4/8,16214
2010/4/9,16238
2010/4/12,16251
2010/4/13,16275
2010/4/14,16281
2010/4/15,16286
2010/4/16,16298
2010/4/19,16300
2010/4/20,16309
2010/4/21,16310
2010/4/22,16321
2010/4/23,16354
2010/4/26,16364
2010/4/27,16377
2010/4/28,16392
2010/4/29,16426
2010/4/30,16456
2010/5/4,16463
2010/5/5,16499
2010/5/6,16529
2010/5/7,16546
2010/5/10,16549
2010/5/11,16603
2010/5/12,16701
2010/5/13,16818
2010/5/14,16830
2010/5/17,16843
2010/5/18,16940
2010/5/19,16959
2010/5/20,17001
2010/5/21,17138
2010/5/24,17191
2010/5/25,17289
2010/5/26,17323
2010/5/27,17374
2010/5/28,17439
2010/5/31,17471
2010/6/1,17498
2010/6/2,17591
2010/6/3,17624
2010/6/4,17655
2010/6/7,17676
2010/6/8,17712
2010/6/9,17742
2010/6/10,17749
2010/6/11,17802
2010/6/12,17807
2010/6/13,17862
2010/6/17,17887
2010/6/18,17926
2010/6/21,17973
2010/6/22,18041
2010/6/23,18089
2010/6/24,18155
2010/6/25,18187
2010/6/28,18221
2010/6/29,18270
2010/6/30,18309
2010/7/1,18335
2010/7/2,18369
2010/7/5,18371
2010/7/6,18383
2010/7/7,18393
2010/7/8,18414
2010/7/9,18419
2010/7/12,18418
2010/7/13,18416
2010/7/14,18403
2010/7/15,18389
2010/7/16,18347
2010/7/19,18313
2010/7/20,18297
2010/7/21,18290
2010/7/22,18278
2010/7/23,18267
2010/7/26,18259
2010/7/27,18258
2010/7/28,18247
2010/7/29,18238
2010/7/30,18230
2010/8/2,18229
2010/8/3,18227
2010/8/4,18218
2010/8/5,18207
2010/8/6,18178
2010/8/9,18166
2010/8/10,18142
2010/8/11,18126
2010/8/12,18128
2010/8/13,18138
2010/8/16,18139
2010/8/17,18141
2010/8/18,18139
2010/8/19,18138
2010/8/20,18129
2010/8/23,18081
2010/8/24,18061
2010/8/25,18054
2010/8/26,18040
2010/8/27,18025
2010/8/30,18018
2010/8/31,18005
2010/9/1,18002
2010/9/2,18012
2010/9/3,18017
2010/9/6,18038
2010/9/7,18077
2010/9/8,18110
2010/9/9,18135
2010/9/10,18160
2010/9/13,18231
2010/9/14,18419
2010/9/15,18598
2010/9/16,18793
2010/9/17,19005
2010/9/19,19228
2010/9/20,19445
2010/9/21,19816
2010/9/25,20236
2010/9/26,20644
2010/9/27,21255
2010/9/28,21836
2010/9/29,22385
2010/9/30,22684
2010/10/8,22710
2010/10/9,22900
2010/10/11,23195
2010/10/12,23485
2010/10/13,23730
2010/10/14,23923
2010/10/15,24177
2010/10/18,24256
2010/10/19,24526
2010/10/20,24689
2010/10/21,24941
2010/10/22,25319
2010/10/25,25589
2010/10/26,25946
2010/10/27,26205
2010/10/28,26324
2010/10/29,26760
2010/11/1,27066
2010/11/2,27405
2010/11/3,27701
2010/11/4,27911
2010/11/5,28158
2010/11/8,28891
2010/11/9,29886
2010/11/10,30861
2010/11/11,31302
2010/11/12,31281
2010/11/15,30986
2010/11/16,29916
2010/11/17,29407
2010/11/18,28852
2010/11/19,28646
2010/11/22,28355
2010/11/23,27881
2010/11/24,27288
2010/11/25,26902
2010/11/26,26681
2010/11/29,26289
2010/11/30,26248
2010/12/1,26164
2010/12/2,26249
2010/12/3,26351
2010/12/6,26500
2010/12/7,26639
2010/12/8,26756
2010/12/9,26769
2010/12/10,26803
2010/12/13,26873
2010/12/14,26942
2010/12/15,27112
2010/12/16,27142
2010/12/17,27199
2010/12/20,27269
2010/12/21,27324
2010/12/22,27384
2010/12/23,27442
2010/12/24,27440
2010/12/27,27440
2010/12/28,27493
2010/12/29,27496
2010/12/30,27503
2010/12/31,27508
2011/1/4,27516
2011/1/5,27609
2011/1/6,27625
2011/1/7,27650
2011/1/10,27648
2011/1/11,27666
2011/1/12,27689
2011/1/13,27702
2011/1/14,27719
2011/1/17,27725
2011/1/18,27747
2011/1/19,27753
2011/1/20,27812
2011/1/21,27901
2011/1/24,28127
2011/1/25,28205
2011/1/26,28433
2011/1/27,28501
2011/1/28,28648
2011/1/30,28662
2011/1/31,28682
2011/2/1,28715
2011/2/9,28786
2011/2/10,28839
2011/2/11,29308
2011/2/12,29579
2011/2/14,29715
2011/2/15,29762
2011/2/16,29830
2011/2/17,29902
2011/2/18,30251
2011/2/21,30326
2011/2/22,30371
2011/2/23,30362
2011/2/24,30365
2011/2/25,30298
2011/2/28,30313
2011/3/1,30467
2011/3/2,30518
2011/3/3,30806
2011/3/4,30913
2011/3/7,31005
2011/3/8,31241
2011/3/9,31221
2011/3/10,31228
2011/3/11,31108
2011/3/14,31098
2011/3/15,30995
2011/3/16,30818
2011/3/17,30641
2011/3/18,30557
2011/3/21,30556
2011/3/22,30576
2011/3/23,30570
2011/3/24,30547
2011/3/25,30542
2011/3/28,30528
2011/3/29,30456
2011/3/30,30335
2011/3/31,30128
2011/4/1,30008
2011/4/2,29852
2011/4/6,29627
2011/4/7,29608
2011/4/8,29592
2011/4/11,29602
2011/4/12,29513
2011/4/13,29452
2011/4/14,29353
2011/4/15,29311
2011/4/18,29300
2011/4/19,29180
2011/4/20,29050
2011/4/21,28886
2011/4/22,28721
2011/4/25,28550
2011/4/26,28300
2011/4/27,27976
2011/4/28,27309
2011/4/29,26927
2011/5/3,26638
2011/5/4,26597
2011/5/5,26460
2011/5/6,26076
2011/5/9,25655
2011/5/10,25245
2011/5/11,24831
2011/5/12,24893
2011/5/13,24895
2011/5/16,24749
2011/5/17,24670
2011/5/18,24606
2011/5/19,24561
2011/5/20,24552
2011/5/23,24541
2011/5/24,24510
2011/5/25,24502
2011/5/26,24479
2011/5/27,24479
2011/5/30,24473
2011/5/31,24478
2011/6/1,24495
2011/6/2,24558
2011/6/3,24552
2011/6/7,24559
2011/6/8,24575
2011/6/9,24562
2011/6/10,24556
2011/6/13,24551
2011/6/14,24551
2011/6/15,24537
2011/6/16,24513
2011/6/17,24508
2011/6/20,24498
2011/6/21,24492
2011/6/22,24481
2011/6/23,24428
2011/6/24,24421
2011/6/27,24318
2011/6/28,24312
2011/6/29,24298
2011/6/30,24056
2011/7/1,23927
2011/7/4,23754
2011/7/5,23633
2011/7/6,23426
2011/7/7,23296
2011/7/8,23133
2011/7/11,23009
2011/7/12,22856
2011/7/13,22575
2011/7/14,22387
2011/7/15,21971
2011/7/18,21727
2011/7/19,21486
2011/7/20,21396
2011/7/21,21271
2011/7/22,21096
2011/7/25,20875
2011/7/26,20664
2011/7/27,20483
2011/7/28,20281
2011/7/29,20123
2011/8/1,19945
2011/8/2,19886
2011/8/3,19800
2011/8/4,19716
2011/8/5,19692
2011/8/8,19635
2011/8/9,19455
2011/8/10,19332
2011/8/11,19238
2011/8/12,19189
2011/8/15,19124
2011/8/16,19059
2011/8/17,19057
2011/8/18,19058
2011/8/19,19060
2011/8/22,19071
2011/8/23,19081
2011/8/24,19093
2011/8/25,19132
2011/8/26,19159
2011/8/29,19227
2011/8/30,19247
2011/8/31,19307
2011/9/1,19316
2011/9/2,19362
2011/9/5,19384
2011/9/6,19479
2011/9/7,19502
2011/9/8,19533
2011/9/9,19620
2011/9/13,19644
2011/9/14,19664
2011/9/15,19709
2011/9/16,19738
2011/9/19,19798
2011/9/20,19829
2011/9/21,19872
2011/9/22,19949
2011/9/23,19995
2011/9/26,20010
2011/9/27,20002
2011/9/28,19993
2011/9/29,19980
2011/9/30,19972
2011/10/8,19952
2011/10/9,19955
2011/10/10,19945
2011/10/11,19936
2011/10/12,19929
2011/10/13,19866
2011/10/14,19850
2011/10/17,19816
2011/10/18,19759
2011/10/19,19698
2011/10/20,19641
2011/10/21,19623
2011/10/24,19561
2011/10/25,19539
2011/10/26,19497
2011/10/27,19482
2011/10/28,19432
2011/10/31,19409
2011/11/1,19381
2011/11/2,19327
2011/11/3,19301
2011/11/4,19293
2011/11/7,19286
2011/11/8,19279
2011/11/9,19271
2011/11/10,19268
2011/11/11,19258
2011/11/14,19232
2011/11/15,19225
2011/11/16,19212
2011/11/17,19196
2011/11/18,19176
2011/11/21,19142
2011/11/22,19122
2011/11/23,19118
2011/11/24,19103
2011/11/25,19087
2011/11/28,19054
2011/11/29,19052
2011/11/30,19039
2011/12/1,19020
2011/12/2,19006
2011/12/5,19001
2011/12/6,19003
2011/12/7,19021
2011/12/8,19046
2011/12/9,19057
2011/12/12,19052
2011/12/13,19058
2011/12/14,19059
2011/12/15,19065
2011/12/16,19067
2011/12/19,19072
2011/12/20,19077
2011/12/21,19101
2011/12/22,19127
2011/12/23,19136
2011/12/26,19156
2011/12/27,19159
2011/12/28,19164
2011/12/29,19173
2011/12/30,19177
2011/12/31,19180
2012/1/4,19183
2012/1/5,19189
2012/1/6,19190
2012/1/9,19196
2012/1/10,19204
2012/1/11,19231
2012/1/12,19237
2012/1/13,19246
2012/1/16,19251
2012/1/17,19258
2012/1/18,19263
2012/1/19,19278
2012/1/20,19283
2012/1/21,19288
2012/1/29,19289
2012/1/30,19298
2012/1/31,19313
2012/2/1,19332
2012/2/2,19338
2012/2/3,19353
2012/2/6,19389
2012/2/7,19411
2012/2/8,19443
2012/2/9,19466
2012/2/10,19472
2012/2/13,19475
2012/2/14,19506
2012/2/15,19522
2012/2/16,19537
2012/2/17,19553
2012/2/20,19570
2012/2/21,19572
2012/2/22,19579
2012/2/23,19618
2012/2/24,19623
2012/2/27,19621
2012/2/28,19615
2012/2/29,19608
2012/3/1,19606
2012/3/2,19601
2012/3/5,19599
2012/3/6,19597
2012/3/7,19600
2012/3/8,19593
2012/3/9,19579
2012/3/12,19576
2012/3/13,19570
2012/3/14,19575
2012/3/15,19577
2012/3/16,19572
2012/3/19,19564
2012/3/20,19565
2012/3/21,19557
2012/3/22,19547
2012/3/23,19538
2012/3/26,19522
2012/3/27,19517
2012/3/28,19508
2012/3/29,19495
2012/3/30,19479
2012/3/31,19462
2012/4/1,19456
2012/4/5,19451
2012/4/6,19446
2012/4/9,19435
2012/4/10,19423
2012/4/11,19417
2012/4/12,19407
2012/4/13,19400
2012/4/16,19391
2012/4/17,19378
2012/4/18,19370
2012/4/19,19349
2012/4/20,19338
2012/4/23,19331
2012/4/24,19337
2012/4/25,19343
2012/4/26,19345
2012/4/27,19346
2012/4/28,19351
2012/5/2,19332
2012/5/3,19330
2012/5/4,19328
2012/5/7,19320
2012/5/8,19318
2012/5/9,19317
2012/5/10,19313
2012/5/11,19294
2012/5/14,19269
2012/5/15,19222
2012/5/16,19125
2012/5/17,19055
2012/5/18,19006
2012/5/21,18970
2012/5/22,18928
2012/5/23,18905
2012/5/24,18888
2012/5/25,18853
2012/5/28,18828
2012/5/29,18798
2012/5/30,18759
2012/5/31,18731
2012/6/1,18712
2012/6/4,18680
2012/6/5,18598
2012/6/6,18545
2012/6/7,18492
2012/6/8,18473
2012/6/11,18467
2012/6/12,18421
2012/6/13,18405
2012/6/14,18358
2012/6/15,18346
2012/6/18,18333
2012/6/19,18325
2012/6/20,18325
2012/6/21,18325
2012/6/25,18279
2012/6/26,18249
2012/6/27,18207
2012/6/28,18188
2012/6/29,18164
2012/7/2,18158
2012/7/3,18156
2012/7/4,18156
2012/7/5,18159
2012/7/6,18159
2012/7/9,18168
2012/7/10,18171
2012/7/11,18189
2012/7/12,18208
2012/7/13,18222
2012/7/16,18232
2012/7/17,18240
2012/7/18,18250
2012/7/19,18255
2012/7/20,18262
2012/7/23,18273
2012/7/24,18282
2012/7/25,18290
2012/7/26,18300
2012/7/27,18308
2012/7/30,18316
2012/7/31,18323
2012/8/1,18329
2012/8/2,18332
2012/8/3,18337
2012/8/6,18343
2012/8/7,18346
2012/8/8,18352
2012/8/9,18359
2012/8/10,18362
2012/8/13,18370
2012/8/14,18376
2012/8/15,18379
2012/8/16,18381
2012/8/17,18387
2012/8/20,18391
2012/8/21,18393
2012/8/22,18402
2012/8/23,18413
2012/8/24,18430
2012/8/27,18440
2012/8/28,18456
2012/8/29,18480
2012/8/30,18487
2012/8/31,18520
2012/9/3,18551
2012/9/4,18587
2012/9/5,18616
2012/9/6,18631
2012/9/7,18631
2012/9/10,18635
2012/9/11,18636
2012/9/12,18636
2012/9/13,18637
2012/9/14,18637
2012/9/17,18637
2012/9/18,18639
2012/9/19,18642
2012/9/20,18650
2012/9/21,18651
2012/9/24,18658
2012/9/25,18663
2012/9/26,18665
2012/9/27,18666
2012/9/28,18671
2012/9/29,18673
2012/10/8,18675
2012/10/9,18677
2012/10/10,18679
2012/10/11,18680
2012/10/12,18683
2012/10/15,18687
2012/10/16,18691
2012/10/17,18692
2012/10/18,18695
2012/10/19,18696
2012/10/22,18696
2012/10/23,18700
2012/10/24,18701
2012/10/25,18703
2012/10/26,18704
2012/10/29,18705
2012/10/30,18708
2012/10/31,18709
2012/11/1,18718
2012/11/2,18721
2012/11/5,18726
2012/11/6,18734
2012/11/7,18742
2012/11/8,18749
2012/11/9,18754
2012/11/12,18760
2012/11/13,18768
2012/11/14,18775
2012/11/15,18784
2012/11/16,18788
2012/11/19,18794
2012/11/20,18807
2012/11/21,18821
2012/11/22,18831
2012/11/23,18848
2012/11/26,18862
2012/11/27,18875
2012/11/28,18891
2012/11/29,18902
2012/11/30,18918
2012/12/3,18930
2012/12/4,18946
2012/12/5,18953
2012/12/6,18967
2012/12/7,18991
2012/12/10,18995
2012/12/11,19009
2012/12/12,19024
2012/12/13,19029
2012/12/14,19053
2012/12/17,19060
2012/12/18,19082
2012/12/19,19099
2012/12/20,19118
2012/12/21,19129
2012/12/24,19141
2012/12/25,19160
2012/12/26,19172
2012/12/27,19183
2012/12/28,19193
2012/12/31,19201
2013/1/4,19207
2013/1/5,19213
2013/1/6,19219
2013/1/7,19230
2013/1/8,19235
2013/1/9,19247
2013/1/10,19250
2013/1/11,19258
2013/1/14,19263
2013/1/15,19268
2013/1/16,19273
2013/1/17,19283
2013/1/18,19287
2013/1/21,19286
2013/1/22,19289
2013/1/23,19291
2013/1/24,19289
2013/1/25,19281
2013/1/28,19272
2013/1/29,19267
2013/1/30,19268
2013/1/31,19271
2013/2/1,19280
2013/2/4,19277
2013/2/5,19276
2013/2/6,19275
2013/2/7,19273
2013/2/8,19271
2013/2/16,19273
2013/2/17,19275
2013/2/18,19280
2013/2/19,19285
2013/2/20,19288
2013/2/21,19293
2013/2/22,19297
2013/2/25,19306
2013/2/26,19309
2013/2/27,19319
2013/2/28,19325
2013/3/1,19326
2013/3/4,19336
2013/3/5,19340
2013/3/6,19341
2013/3/7,19342
2013/3/8,19344
2013/3/11,19346
2013/3/12,19349
2013/3/13,19351
2013/3/14,19356
2013/3/15,19359
2013/3/18,19362
2013/3/19,19363
2013/3/20,19364
2013/3/21,19368
2013/3/22,19370
2013/3/25,19368
2013/3/26,19367
2013/3/27,19371
2013/3/28,19373
2013/3/29,19375
2013/4/1,19377
2013/4/2,19380
2013/4/3,19383
2013/4/7,19382
2013/4/8,19383
2013/4/9,19385
2013/4/10,19386
2013/4/11,19386
2013/4/12,19387
2013/4/15,19385
2013/4/16,19382
2013/4/17,19380
2013/4/18,19378
2013/4/19,19371
2013/4/22,19373
2013/4/23,19370
2013/4/24,19369
2013/4/25,19366
2013/4/26,19365
2013/4/27,19363
2013/4/28,19362
2013/5/2,19360
2013/5/3,19358
2013/5/6,19356
2013/5/7,19355
2013/5/8,19352
2013/5/9,19349
2013/5/10,19351
2013/5/13,19351
2013/5/14,19352
2013/5/15,19351
2013/5/16,19350
2013/5/17,19350
2013/5/20,19348
2013/5/21,19353
2013/5/22,19353
2013/5/23,19352
2013/5/24,19350
2013/5/27,19348
2013/5/28,19345
2013/5/29,19340
2013/5/30,19338
2013/5/31,19336
2013/6/3,19335
2013/6/4,19335
2013/6/5,19332
2013/6/6,19330
2013/6/7,19326
2013/6/8,19323
2013/6/9,19321
2013/6/13,19318
2013/6/14,19318
2013/6/17,19319
2013/6/18,19319
2013/6/19,19320
2013/6/20,19322
2013/6/21,19321
2013/6/24,19318
2013/6/25,19315
2013/6/26,19312
2013/6/27,19305
2013/6/28,19300
2013/7/1,19292
2013/7/2,19290
2013/7/3,19285
2013/7/4,19279
2013/7/5,19280
2013/7/8,19280
2013/7/9,19277
2013/7/10,19275
2013/7/11,19273
2013/7/12,19266
2013/7/15,19265
2013/7/16,19265
2013/7/17,19263
2013/7/18,19260
2013/7/19,19256
2013/7/22,19246
2013/7/23,19244
2013/7/24,19241
2013/7/25,19239
2013/7/26,19232
2013/7/29,19229
2013/7/30,19226
2013/7/31,19222
2013/8/1,19217
2013/8/2,19220
2013/8/5,19217
2013/8/6,19217
2013/8/7,19211
2013/8/8,19206
2013/8/9,19201
2013/8/12,19200
2013/8/13,19192
2013/8/14,19191
2013/8/15,19190
2013/8/16,19189
2013/8/19,19190
2013/8/20,19185
2013/8/21,19179
2013/8/22,19178
2013/8/23,19176
2013/8/26,19175
2013/8/27,19168
2013/8/28,19162
2013/8/29,19158
2013/8/30,19155
2013/9/2,19154
2013/9/3,19152
2013/9/4,19150
2013/9/5,19149
2013/9/6,19149
2013/9/9,19149
2013/9/10,19147
2013/9/11,19143
2013/9/12,19141
2013/9/13,19137
2013/9/16,19142
2013/9/17,19146
2013/9/18,19149
2013/9/22,19150
2013/9/23,19155
2013/9/24,19152
2013/9/25,19157
2013/9/26,19160
2013/9/27,19162
2013/9/29,19161
2013/9/30,19158
2013/10/8,19473
2013/10/9,19524
2013/10/10,19527
2013/10/11,19523
2013/10/12,19524
2013/10/14,19527
2013/10/15,19529
2013/10/16,19560
2013/10/17,19564
2013/10/18,19592
2013/10/21,19605
2013/10/22,19627
2013/10/23,19630
2013/10/24,19655
2013/10/25,19659
2013/10/28,19671
2013/10/29,19662
2013/10/30,19663
2013/10/31,19651
2013/11/1,19649
2013/11/4,19649
2013/11/5,19650
2013/11/6,19665
2013/11/7,19681
2013/11/8,19691
2013/11/11,19691
2013/11/12,19714
2013/11/13,19735
2013/11/14,19728
2013/11/15,19720
2013/11/18,19723
2013/11/19,19706
2013/11/20,19680
2013/11/21,19678
2013/11/22,19677
2013/11/25,19661
2013/11/26,19645
2013/11/27,19640
2013/11/28,19605
2013/11/29,19603
2013/12/2,19557
2013/12/3,19550
2013/12/4,19545
2013/12/5,19536
2013/12/6,19527
2013/12/9,19517
2013/12/10,19510
2013/12/11,19504
2013/12/12,19504
2013/12/13,19498
2013/12/16,19498
2013/12/17,19501
2013/12/18,19518
2013/12/19,19521
2013/12/20,19520
2013/12/23,19529
2013/12/24,19521
2013/12/25,19526
2013/12/26,19526
2013/12/27,19535
2013/12/30,19538
2013/12/31,19534
2014/1/2,19530
2014/1/3,19534
2014/1/6,19511
2014/1/7,19532
2014/1/8,19512
2014/1/9,19511
2014/1/10,19477
2014/1/13,19450
2014/1/14,19417
2014/1/15,19396
2014/1/16,19387
2014/1/17,19387
2014/1/20,19404
2014/1/21,19397
2014/1/22,19403
2014/1/23,19408
2014/1/24,19419
2014/1/26,19425
2014/1/27,19426
2014/1/28,19429
2014/1/29,19436
2014/1/30,19442
2014/2/7,19443
2014/2/8,19444
2014/2/10,19450
2014/2/11,19449
2014/2/12,19450
2014/2/13,19454
2014/2/14,19448
2014/2/17,19451
2014/2/18,19460
2014/2/19,19460
2014/2/20,19458
2014/2/21,19458
2014/2/24,19459
2014/2/25,19462
2014/2/26,19443
2014/2/27,19465
2014/2/28,19466
2014/3/3,19471
2014/3/4,19471
2014/3/5,19470
2014/3/6,19469
2014/3/7,19466
2014/3/10,19463
2014/3/11,19460
2014/3/12,19457
2014/3/13,19457
2014/3/14,19445
2014/3/17,19440
2014/3/18,19437
2014/3/19,19428
2014/3/20,19428
2014/3/21,19422
2014/3/24,19417
2014/3/25,19414
2014/3/26,19411
2014/3/27,19409
2014/3/28,19407
2014/3/31,19406
2014/4/1,19403
2014/4/2,19375
2014/4/3,19360
2014/4/4,18985
2014/4/8,18957
2014/4/9,18668
2014/4/10,18526
2014/4/11,18515
2014/4/14,18507
2014/4/15,18498
2014/4/16,18494
2014/4/17,18472
2014/4/18,18396
2014/4/21,18311
2014/4/22,18167
2014/4/23,18058
2014/4/24,17943
2014/4/25,17806
2014/4/28,17698
2014/4/29,17527
2014/4/30,17518
2014/5/4,17465
2014/5/5,17470
2014/5/6,17470
2014/5/7,17470
2014/5/8,17471
2014/5/9,17472
2014/5/12,17465
2014/5/13,17465
2014/5/14,17463
2014/5/15,17428
2014/5/16,17427
2014/5/19,17425
2014/5/20,17422
2014/5/21,17420
2014/5/22,17409
2014/5/23,17402
2014/5/26,17397
2014/5/27,17397
2014/5/28,17395
2014/5/29,17392
2014/5/30,17392
2014/6/3,17390
2014/6/4,17390
2014/6/5,17390
2014/6/6,17389
2014/6/9,17386
2014/6/10,17383
2014/6/11,17380
2014/6/12,17379
2014/6/13,17377
2014/6/16,17377
2014/6/17,17376
2014/6/18,17373
2014/6/19,17368
2014/6/20,17368
2014/6/23,17360
2014/6/24,17358
2014/6/25,17352
2014/6/26,17350
2014/6/27,17337
2014/6/30,17332
2014/7/1,17329
2014/7/2,17328
2014/7/3,17323
2014/7/4,17318
2014/7/7,17309
2014/7/8,17306
2014/7/9,17288
2014/7/10,17282
2014/7/11,17273
2014/7/14,17270
2014/7/15,17265
2014/7/16,17248
2014/7/17,17231
2014/7/18,17214
2014/7/21,17209
2014/7/22,17197
2014/7/23,17189
2014/7/24,17183
2014/7/25,17173
2014/7/28,17167
2014/7/29,17166
2014/7/30,17147
2014/7/31,17139
2014/8/1,17138
2014/8/4,17137
2014/8/5,17137
2014/8/6,17135
2014/8/7,17119
2014/8/8,17115
2014/8/11,17120
2014/8/12,17119
2014/8/13,17118
2014/8/14,17119
2014/8/15,17121
2014/8/18,17119
2014/8/19,17118
2014/8/20,17007
2014/8/21,17001
2014/8/22,17001
2014/8/25,17000
2014/8/26,16997
2014/8/27,16997
2014/8/28,16995
2014/8/29,16992
2014/9/1,16987
2014/9/2,16952
2014/9/3,16952
2014/9/4,16947
2014/9/5,16936
2014/9/9,16933
2014/9/10,16921
2014/9/11,16910
2014/9/12,16898
2014/9/15,16891
2014/9/16,16883
2014/9/17,16878
2014/9/18,16866
2014/9/19,16825
2014/9/22,16650
2014/9/23,16465
2014/9/24,16303
2014/9/25,16123
2014/9/26,15958
2014/9/28,15766
2014/9/29,15577
2014/9/30,15378
2014/10/8,15197
2014/10/9,15155
2014/10/10,14996
2014/10/11,14935
2014/10/13,14885
2014/10/14,14862
2014/10/15,14797
2014/10/16,14792
2014/10/17,14785
2014/10/20,14769
2014/10/21,14756
2014/10/22,14757
2014/10/23,14768
2014/10/24,14768
2014/10/27,14777
2014/10/28,14777
2014/10/29,14778
2014/10/30,14779
2014/10/31,14786
2014/11/3,14791
2014/11/4,14796
2014/11/5,14795
2014/11/6,14800
2014/11/7,14795
2014/11/10,14792
2014/11/11,14801
2014/11/12,14802
2014/11/13,14801
2014/11/14,14786
2014/11/17,14773
2014/11/18,14736
2014/11/19,14706
2014/11/20,14681
2014/11/21,14651
2014/11/24,14596
2014/11/25,14563
2014/11/26,14483
2014/11/27,14317
2014/11/28,14225
2014/12/1,14143
2014/12/2,14062
2014/12/3,14049
2014/12/4,13966
2014/12/5,13958
2014/12/8,13888
2014/12/9,13799
2014/12/10,13780
2014/12/11,13700
2014/12/12,13641
2014/12/15,13641
2014/12/16,13640
2014/12/17,13635
2014/12/18,13633
2014/12/19,13628
2014/12/22,13625
2014/12/23,13624
2014/12/24,13621
2014/12/25,13620
2014/12/26,13617
2014/12/29,13609
2014/12/30,13602
2014/12/31,13605
2015/1/4,13607
2015/1/5,13606
2015/1/6,13605
2015/1/7,13603
2015/1/8,13603
2015/1/9,13602
2015/1/12,13601
2015/1/13,13590
2015/1/14,13585
2015/1/15,13570
2015/1/16,13565
2015/1/19,13532
2015/1/20,13507
2015/1/21,13496
2015/1/22,13485
2015/1/23,13472
2015/1/26,13459
2015/1/27,13459
2015/1/28,13454
2015/1/29,13457
2015/1/30,13459
2015/2/2,13460
2015/2/3,13458
2015/2/4,13457
2015/2/5,13452
2015/2/6,13451
2015/2/9,13445
2015/2/10,13442
2015/2/11,13433
2015/2/12,13435
2015/2/13,13436
2015/2/15,13437
2015/2/16,13439
2015/2/17,13442
2015/2/25,13443
2015/2/26,13445
2015/2/27,13447
2015/2/28,13449
2015/3/2,13456
2015/3/3,13466
2015/3/4,13467
2015/3/5,13475
2015/3/6,13478
2015/3/9,13475
2015/3/10,13473
2015/3/11,13470
2015/3/12,13467
2015/3/13,13466
2015/3/16,13463
2015/3/17,13462
2015/3/18,13457
2015/3/19,13450
2015/3/20,13448
2015/3/23,13446
2015/3/24,13446
2015/3/25,13471
2015/3/26,13471
2015/3/27,13473
2015/3/30,13475
2015/3/31,13475
2015/4/1,13473
2015/4/2,13471
2015/4/3,13452
2015/4/7,13457
2015/4/8,13456
2015/4/9,13453
2015/4/10,13452
2015/4/13,13443
2015/4/14,13433
2015/4/15,13427
2015/4/16,13420
2015/4/17,13415
2015/4/20,13409
2015/4/21,13398
2015/4/22,13399
2015/4/23,13392
2015/4/24,13391
2015/4/27,13388
2015/4/28,13389
2015/4/29,13387
2015/4/30,13395
2015/5/4,13396
2015/5/5,13403
2015/5/6,13403
2015/5/7,13409
2015/5/8,13396
2015/5/11,13393
2015/5/12,13382
2015/5/13,13381
2015/5/14,13366
2015/5/15,13356
2015/5/18,13359
2015/5/19,13359
2015/5/20,13361
2015/5/21,13366
2015/5/22,13365
2015/5/25,13356
2015/5/26,13325
2015/5/27,13323
2015/5/28,13323
2015/5/29,13313
2015/6/1,13312
2015/6/2,13307
2015/6/3,13313
2015/6/4,13313
2015/6/5,13305
2015/6/8,13323
2015/6/9,13329
2015/6/10,13329
2015/6/11,13331
2015/6/12,13330
2015/6/15,13333
2015/6/16,13336
2015/6/17,13337
2015/6/18,13337
2015/6/19,13335
2015/6/23,13330
2015/6/24,13297
2015/6/25,13297
2015/6/26,13291
2015/6/29,13263
2015/6/30,13263
2015/7/1,13248
2015/7/2,13239
2015/7/3,13238
2015/7/6,13226
2015/7/7,13226
2015/7/8,13218
2015/7/9,13212
2015/7/10,13203
2015/7/13,13203
2015/7/14,13201
2015/7/15,13180
2015/7/16,13185
2015/7/17,13175
2015/7/20,13165
2015/7/21,13159
2015/7/22,13151
2015/7/23,13159
2015/7/24,13158
2015/7/27,13155
2015/7/28,13150
2015/7/29,13149
2015/7/30,13143
2015/7/31,13138
2015/8/3,13136
2015/8/4,13128
2015/8/5,13141
2015/8/6,13149
2015/8/7,13156
2015/8/10,13166
2015/8/11,13167
2015/8/12,13127
2015/8/13,13125
2015/8/14,13123
2015/8/17,13106
2015/8/18,13103
2015/8/19,13102
2015/8/20,13103
2015/8/21,13103
2015/8/24,13098
2015/8/25,13087
2015/8/26,13086
2015/8/27,13086
2015/8/28,13085
2015/8/31,13079
2015/9/1,13077
2015/9/6,13077
2015/9/7,13066
2015/9/8,13067
2015/9/9,13065
2015/9/10,13062
2015/9/11,13060
2015/9/14,13059
2015/9/15,13059
2015/9/16,13057
2015/9/17,13058
2015/9/18,13059
2015/9/21,13059
2015/9/22,13061
2015/9/23,13067
2015/9/24,13065
2015/9/25,13056
2015/9/28,13061
2015/9/29,13059
2015/9/30,13051
2015/10/8,13076
2015/10/9,13073
2015/10/10,13071
2015/10/12,13065
2015/10/13,13067
2015/10/14,13069
2015/10/15,13075
2015/10/16,13073
2015/10/19,13076
2015/10/20,13061
2015/10/21,13053
2015/10/22,13027
2015/10/23,13015
2015/10/26,12998
2015/10/27,12993
2015/10/28,12978
2015/10/29,12979
2015/10/30,12989
2015/11/2,12979
2015/11/3,12981
2015/11/4,12991
2015/11/5,12997
2015/11/6,12992
2015/11/9,12981
2015/11/10,12972
2015/11/11,12969
2015/11/12,12963
2015/11/13,12960
2015/11/16,12942
2015/11/17,12947
2015/11/18,12949
2015/11/19,12955
2015/11/20,12956
2015/11/23,12958
2015/11/24,12958
2015/11/25,12959
2015/11/26,12951
2015/11/27,12958
2015/11/30,12959
2015/12/1,12960
2015/12/2,12963
2015/12/3,12965
2015/12/4,12950
2015/12/7,12949
2015/12/8,12948
2015/12/9,12945
2015/12/10,12942
2015/12/11,12939
2015/12/14,12933
2015/12/15,12928
2015/12/16,12925
2015/12/17,12922
2015/12/18,12916
2015/12/21,12916
2015/12/22,12925
2015/12/23,12927
2015/12/24,12932
2015/12/25,12931
2015/12/28,12929
2015/12/29,12926
2015/12/30,12923
2015/12/31,12922
2016/1/4,12923
2016/1/5,12923
2016/1/6,12920
2016/1/7,12919
2016/1/8,12796
2016/1/11,12773
2016/1/12,12767
2016/1/13,12762
2016/1/14,12736
2016/1/15,12679
2016/1/18,12663
2016/1/19,12619
2016/1/20,12572
2016/1/21,12525
2016/1/22,12498
2016/1/25,12451
2016/1/26,12435
2016/1/27,12389
2016/1/28,12358
2016/1/29,12348
2016/2/1,12333
2016/2/2,12328
2016/2/3,12322
2016/2/4,12317
2016/2/5,12311
2016/2/6,12308
2016/2/14,12301
2016/2/15,12296
2016/2/16,12280
2016/2/17,12270
2016/2/18,12237
2016/2/19,12219
2016/2/22,12209
2016/2/23,12200
2016/2/24,12193
2016/2/25,12190
2016/2/26,12119
2016/2/29,12090
2016/3/1,12088
2016/3/2,12081
2016/3/3,12068
2016/3/4,12063
2016/3/7,12020
2016/3/8,12015
2016/3/9,12013
2016/3/10,12007
2016/3/11,12005
2016/3/14,11983
2016/3/15,11955
2016/3/16,11948
2016/3/17,11941
2016/3/18,11902
2016/3/21,11767
2016/3/22,11709
2016/3/23,11698
2016/3/24,11689
2016/3/25,11682
2016/3/28,11682
2016/3/29,11679
2016/3/30,11679
2016/3/31,11678
2016/4/1,11679
2016/4/5,11687
2016/4/6,11687
2016/4/7,11695
2016/4/8,11696
2016/4/11,11707
2016/4/12,11755
2016/4/13,11816
2016/4/14,11913
2016/4/15,11950
2016/4/18,12001
2016/4/19,12083
2016/4/20,12175
2016/4/21,12271
2016/4/22,12369
2016/4/25,12367
2016/4/26,12368
2016/4/27,12369
2016/4/28,12372
2016/4/29,12372
2016/5/3,12375
2016/5/4,12391
2016/5/5,12412
2016/5/6,12465
2016/5/9,12476
2016/5/10,12478
2016/5/11,12487
2016/5/12,12523
2016/5/13,12523
2016/5/16,12526
2016/5/17,12511
2016/5/18,12519
2016/5/19,12521
2016/5/20,12530
2016/5/23,12536
2016/5/24,12556
2016/5/25,12561
2016/5/26,12567
2016/5/27,12577
2016/5/30,12575
2016/5/31,12613
2016/6/1,12615
2016/6/2,12616
2016/6/3,12618
2016/6/6,12619
2016/6/7,12632
2016/6/8,12637
2016/6/12,12645
2016/6/13,12656
2016/6/14,12668
2016/6/15,12669
2016/6/16,12669
2016/6/17,12667
2016/6/20,12686
2016/6/21,12698
2016/6/22,12717
2016/6/23,12717
2016/6/24,12717
2016/6/27,12719
2016/6/28,12719
2016/6/29,12816
2016/6/30,13075
2016/7/1,13285
2016/7/4,13333
2016/7/5,13629
2016/7/6,13632
2016/7/7,13638
2016/7/8,13666
2016/7/11,13665
2016/7/12,13666
2016/7/13,13766
2016/7/14,13842
2016/7/15,13998
2016/7/18,14181
2016/7/19,14387
2016/7/20,14892
2016/7/21,15145
2016/7/22,15288
2016/7/25,15288
2016/7/26,15289
2016/7/27,15322
2016/7/28,15415
2016/7/29,15308
2016/8/1,15217
2016/8/2,15190
2016/8/3,15118
2016/8/4,14930
2016/8/5,14928
2016/8/8,14899
2016/8/9,14888
2016/8/10,14839
2016/8/11,14767
2016/8/12,14746
2016/8/15,14691
2016/8/16,14602
2016/8/17,14561
2016/8/18,14558
2016/8/19,14533
2016/8/22,14462
2016/8/23,14445
2016/8/24,14445
2016/8/25,14437
2016/8/26,14401
2016/8/29,14338
2016/8/30,14272
2016/8/31,14226
2016/9/1,14138
2016/9/2,14081
2016/9/5,14068
2016/9/6,14063
2016/9/7,14058
2016/9/8,14089
2016/9/9,14115
2016/9/12,14136
2016/9/13,14139
2016/9/14,14141
2016/9/18,14142
2016/9/19,14155
2016/9/20,14182
2016/9/21,14212
2016/9/22,14235
2016/9/23,14323
2016/9/26,14366
2016/9/27,14427
2016/9/28,14679
2016/9/29,14798
2016/9/30,14866
2016/10/3,14925
2016/10/4,15088
2016/10/5,15207
2016/10/6,15228
2016/10/7,15269
2016/10/8,15309
2016/10/9,15352
2016/10/10,15418
2016/10/11,15419
2016/10/12,15417
2016/10/13,15416
2016/10/14,15348
2016/10/17,15289
2016/10/18,15292
2016/10/19,15371
2016/10/20,15361
2016/10/21,15359
2016/10/24,15359
2016/10/25,15366
2016/10/26,15368
2016/10/27,15365
2016/10/28,15365
2016/10/31,15358
2016/11/1,15346
2016/11/2,15369
2016/11/3,15369
2016/11/4,15369
2016/11/7,15377
2016/11/8,15379
2016/11/9,15398
2016/11/10,15416
2016/11/11,15615
2016/11/14,15618
2016/11/15,15626
2016/11/16,15698
2016/11/17,15711
2016/11/18,15799
2016/11/21,15816
2016/11/22,15876
2016/11/23,15888
2016/11/24,15936
2016/11/25,15962
2016/11/28,15997
2016/11/29,16019
2016/11/30,15999
2016/12/1,15969
2016/12/2,15949
2016/12/5,15947
2016/12/6,15945
2016/12/7,15909
2016/12/8,15907
2016/12/9,15905
2016/12/12,15908
2016/12/13,15953
2016/12/14,15953
2016/12/15,15955
2016/12/16,15955
2016/12/19,15957
2016/12/20,15896
2016/12/21,15833
2016/12/22,15836
2016/12/23,15852
2016/12/26,15853
2016/12/27,15782
2016/12/28,15779
2016/12/29,15798
2016/12/30,15798
2017/1/3,15796
2017/1/4,15787
2017/1/5,15786
2017/1/6,15785
2017/1/9,15776
2017/1/10,15771
2017/1/11,15769
2017/1/12,15781
2017/1/13,15789
2017/1/16,15781
2017/1/17,15781
2017/1/18,15781
2017/1/19,15782
2017/1/20,15776
2017/1/22,15777
2017/1/23,15777
2017/1/24,15787
2017/1/25,15799
2017/1/26,15799
2017/2/3,15938
2017/2/4,15938
2017/2/6,15939
2017/2/7,15998
2017/2/8,15999
2017/2/9,15999
2017/2/10,15999
2017/2/13,15999
2017/2/14,16000
2017/2/15,16001
2017/2/16,15999
2017/2/17,15998
2017/2/20,15979
2017/2/21,15978
2017/2/22,15976
2017/2/23,15975
2017/2/24,15972
2017/2/27,15963
2017/2/28,15963
2017/3/1,15963
2017/3/2,15955
2017/3/3,15955
2017/3/6,15965
2017/3/7,15965
2017/3/8,15975
2017/3/9,15975
2017/3/10,15972
2017/3/13,15971
2017/3/14,15958
2017/3/15,15957
2017/3/16,15938
2017/3/17,15936
2017/3/20,15946
2017/3/21,15943
2017/3/22,15932
2017/3/23,15896
2017/3/24,15896
2017/3/27,15875
2017/3/28,15875
2017/3/29,15872
2017/3/30,15867
2017/3/31,15862
2017/4/1,15859
2017/4/5,15851
2017/4/6,15848
2017/4/7,15848
2017/4/10,15853
2017/4/11,15850
2017/4/12,15848
2017/4/13,15846
2017/4/14,15848
2017/4/17,15849
2017/4/18,15849
2017/4/19,15859
2017/4/20,15859
2017/4/21,15872
2017/4/24,15913
2017/4/25,15922
2017/4/26,15920
2017/4/27,15928
2017/4/28,15949
2017/5/2,15965
2017/5/3,15980
2017/5/4,15996
2017/5/5,16031
2017/5/8,16031
2017/5/9,16003
2017/5/10,15996
2017/5/11,15979
2017/5/12,15999
2017/5/15,15999
2017/5/16,16028
2017/5/17,16032
2017/5/18,16046
2017/5/19,16059
2017/5/22,16070
2017/5/23,16072
2017/5/24,16076
2017/5/25,16078
2017/5/26,16078
2017/5/27,16076
2017/5/31,16077
2017/6/1,16066
2017/6/2,16065
2017/6/5,16071
2017/6/6,16070
2017/6/7,16073
2017/6/8,16074
2017/6/9,16076
2017/6/12,16083
2017/6/13,16068
2017/6/14,16048
2017/6/15,16019
2017/6/16,16004
2017/6/19,15993
2017/6/20,15988
2017/6/21,15979
2017/6/22,15968
2017/6/23,15966
2017/6/26,15966
2017/6/27,15959
2017/6/28,15949
2017/6/29,15946
2017/6/30,15939
2017/7/3,15939
2017/7/4,15907
2017/7/5,15906
2017/7/6,15898
2017/7/7,15893
2017/7/10,15891
2017/7/11,15879
2017/7/12,15874
2017/7/13,15872
2017/7/14,15871
2017/7/17,15870
2017/7/18,15873
2017/7/19,15899
2017/7/20,15899
2017/7/21,15902
2017/7/24,15903
2017/7/25,15903
2017/7/26,15900
2017/7/27,15899
2017/7/28,15899
2017/7/31,15888
2017/8/1,15871
2017/8/2,15861
2017/8/3,15860
2017/8/4,15860
2017/8/7,15858
2017/8/8,15858
2017/8/9,15859
2017/8/10,15859
2017/8/11,15863
2017/8/14,15869
2017/8/15,15881
2017/8/16,15883
2017/8/17,15895
2017/8/18,15895
2017/8/21,15908
2017/8/22,15908
2017/8/23,15909
2017/8/24,15906
2017/8/25,15907
2017/8/28,15911
2017/8/29,15911
2017/8/30,15916
2017/8/31,15916
2017/9/1,15919
2017/9/4,15928
2017/9/5,15933
2017/9/6,15938
2017/9/7,15939
2017/9/8,15948
2017/9/11,15949
2017/9/12,15955
2017/9/13,15957
2017/9/14,15962
2017/9/15,15965
2017/9/18,15966
2017/9/19,15972
2017/9/20,15972
2017/9/21,15974
2017/9/22,15979
2017/9/25,15991
2017/9/26,15992
2017/9/27,15996
2017/9/28,15999
2017/9/29,15995
2017/9/30,15996
2017/10/2,15996
2017/10/3,15997
2017/10/4,15989
2017/10/5,15988
2017/10/6,15988
2017/10/9,15981
2017/10/10,15981
2017/10/11,15981
2017/10/12,15979
2017/10/13,15970
2017/10/16,15998
2017/10/17,15999
2017/10/18,15992
2017/10/19,15991
2017/10/20,15991
2017/10/23,15991
2017/10/24,15988
2017/10/25,15987
2017/10/26,15986
2017/10/27,15992
2017/10/30,15998
2017/10/31,15998
2017/11/1,15999
2017/11/2,16002
2017/11/3,16007
2017/11/6,16016
2017/11/7,16015
2017/11/8,16009
2017/11/9,16002
2017/11/10,16001
2017/11/13,16001
2017/11/14,15998
2017/11/15,15991
2017/11/16,15983
2017/11/17,15958
2017/11/20,15949
2017/11/21,15931
2017/11/22,15906
2017/11/23,15898
2017/11/24,15882
2017/11/27,15881
2017/11/28,15872
2017/11/29,15869
2017/11/30,15860
2017/12/1,15845
2017/12/4,15846
2017/12/5,15848
2017/12/6,15843
2017/12/7,15842
2017/12/8,15842
2017/12/11,15838
2017/12/12,15822
2017/12/13,15816
2017/12/14,15803
2017/12/15,15797
2017/12/18,15797
2017/12/19,15793
2017/12/20,15790
2017/12/21,15782
2017/12/22,15721
2017/12/25,15720
2017/12/26,15719
2017/12/27,15713
2017/12/28,15705
2017/12/29,15699
2018/1/2,15698
2018/1/3,15689
2018/1/4,15680
2018/1/5,15665
2018/1/8,15666
2018/1/9,15656
2018/1/10,15656
2018/1/11,15657
2018/1/12,15658
2018/1/15,15660
2018/1/16,15661
2018/1/17,15660
2018/1/18,15663
2018/1/19,15666
2018/1/22,15688
2018/1/23,15693
2018/1/24,15696
2018/1/25,15703
2018/1/26,15709
2018/1/29,15716
2018/1/30,15715
2018/1/31,15715
2018/2/1,15715
2018/2/2,15716
2018/2/5,15716
2018/2/6,15700
2018/2/7,15697
2018/2/8,15698
2018/2/9,15698
2018/2/11,15696
2018/2/12,15691
2018/2/13,15688
2018/2/14,15689
2018/2/22,15689
2018/2/23,15688
2018/2/24,15691
2018/2/26,15683
2018/2/27,15683
2018/2/28,15685
2018/3/1,15696
2018/3/2,15697
2018/3/5,15699
2018/3/6,15702
2018/3/7,15705
2018/3/8,15711
2018/3/9,15722
2018/3/12,15723
2018/3/13,15722
2018/3/14,15721
2018/3/15,15712
2018/3/16,15701
2018/3/19,15688
2018/3/20,15677
2018/3/21,15671
2018/3/22,15670
2018/3/23,15657
2018/3/26,15647
2018/3/27,15636
2018/3/28,15603
2018/3/29,15577
2018/3/30,15546
2018/4/2,15533
2018/4/3,15531
2018/4/4,15522
2018/4/8,15511
2018/4/9,15506
2018/4/10,15505
2018/4/11,15498
2018/4/12,15497
2018/4/13,15486
2018/4/16,15485
2018/4/17,15483
2018/4/18,15481
2018/4/19,15481
2018/4/20,15482
2018/4/23,15479
2018/4/24,15463
2018/4/25,15456
2018/4/26,15451
2018/4/27,15453
2018/4/28,15453
2018/5/2,15451
2018/5/3,15462
2018/5/4,15465
2018/5/7,15478
2018/5/8,15506
2018/5/9,15509
2018/5/10,15518
2018/5/11,15525
2018/5/14,15538
2018/5/15,15543
2018/5/16,15546
2018/5/17,15657
2018/5/18,15696
2018/5/21,15753
2018/5/22,15928
2018/5/23,16023
2018/5/24,16012
2018/5/25,16043
2018/5/28,16100
2018/5/29,16136
2018/5/30,16398
2018/5/31,16611
2018/6/1,16752
2018/6/4,16900
2018/6/5,16897
2018/6/6,16662
2018/6/7,16461
2018/6/8,16458
2018/6/11,16407
2018/6/12,16405
2018/6/13,16403
2018/6/14,16401
2018/6/15,16401
2018/6/19,16402
2018/6/20,16379
2018/6/21,16363
2018/6/22,16353
2018/6/25,16353
2018/6/26,16331
2018/6/27,16328
2018/6/28,16327
2018/6/29,16326
2018/7/2,16323
2018/7/3,16297
2018/7/4,16295
2018/7/5,16279
2018/7/6,16223
2018/7/9,16203
2018/7/10,16198
2018/7/11,16198
2018/7/12,16193
2018/7/13,16192
2018/7/16,16187
2018/7/17,16187
2018/7/18,16182
2018/7/19,16181
2018/7/20,16181
2018/7/23,16181
2018/7/24,16175
2018/7/25,16173
2018/7/26,16181
2018/7/27,16199
2018/7/30,16199
2018/7/31,16199
2018/8/1,16208
2018/8/2,16228
2018/8/3,16229
2018/8/6,16232
2018/8/7,16233
2018/8/8,16258
2018/8/9,16277
2018/8/10,16293
2018/8/13,16292
2018/8/14,16291
2018/8/15,16296
2018/8/16,16296
2018/8/17,16291
2018/8/20,16290
2018/8/21,16292
2018/8/22,16295
2018/8/23,16303
2018/8/24,16300
2018/8/27,16300
2018/8/28,16316
2018/8/29,16316
2018/8/30,16316
2018/8/31,16316
2018/9/3,16317
2018/9/4,16318
2018/9/5,16323
2018/9/6,16325
2018/9/7,16330
2018/9/10,16333
2018/9/11,16333
2018/9/12,16339
2018/9/13,16342
2018/9/14,16343
2018/9/17,16348
2018/9/18,16350
2018/9/19,16342
2018/9/20,16339
2018/9/21,16337
2018/9/25,16331
2018/9/26,16328
2018/9/27,16298
2018/9/28,16243
2018/9/29,16193
2018/9/30,16165
2018/10/1,16147
2018/10/2,16141
2018/10/3,16130
2018/10/4,16088
2018/10/5,16086
2018/10/8,16073
2018/10/9,16072
2018/10/10,16045
2018/10/11,16035
2018/10/12,15985
2018/10/15,15976
2018/10/16,15973
2018/10/17,15942
2018/10/18,15913
2018/10/19,15898
2018/10/22,15879
2018/10/23,15870
2018/10/24,15863
2018/10/25,15842
2018/10/26,15831
2018/10/29,15792
2018/10/30,15749
2018/10/31,15739
2018/11/1,15710
2018/11/2,15671
2018/11/5,15670
2018/11/6,15638
2018/11/7,15627
2018/11/8,15606
2018/11/9,15606
2018/11/12,15605
2018/11/13,15596
2018/11/14,15585
2018/11/15,15585
2018/11/16,15582
2018/11/19,15573
2018/11/20,15552
2018/11/21,15546
2018/11/22,15508
2018/11/23,15508
2018/11/26,15487
2018/11/27,15432
2018/11/28,15429
2018/11/29,15429
2018/11/30,15423
2018/12/3,15423
2018/12/4,15426
2018/12/5,15426
2018/12/6,15423
2018/12/7,15402
2018/12/10,15403
2018/12/11,15406
2018/12/12,15405
2018/12/13,15405
2018/12/14,15411
2018/12/17,15406
2018/12/18,15406
2018/12/19,15406
2018/12/20,15408
2018/12/21,15409
2018/12/24,15411
2018/12/25,15408
2018/12/26,15395
2018/12/27,15386
2018/12/28,15383
2018/12/29,15375
2019/1/2,15369
2019/1/3,15362
2019/1/4,15352
2019/1/7,15353
2019/1/8,15358
2019/1/9,15361
2019/1/10,15368
2019/1/11,15378
2019/1/14,15383
2019/1/15,15386
2019/1/16,15399
2019/1/17,15408
2019/1/18,15433
2019/1/21,15452
2019/1/22,15473
2019/1/23,15479
2019/1/24,15488
2019/1/25,15498
2019/1/28,15498
2019/1/29,15499
2019/1/30,15499
2019/1/31,15501
2019/2/1,15502
2019/2/2,15502
2019/2/3,15503
2019/2/11,15503
2019/2/12,15502
2019/2/13,15501
2019/2/14,15499
2019/2/15,15489
2019/2/18,15488
2019/2/19,15485
2019/2/20,15485
2019/2/21,15493
2019/2/22,15501
2019/2/25,15513
2019/2/26,15513
2019/2/27,15512
2019/2/28,15512
2019/3/1,15512
2019/3/4,15518
2019/3/5,15533
2019/3/6,15533
2019/3/7,15543
2019/3/8,15548
2019/3/11,15555
2019/3/12,15555
2019/3/13,15557
2019/3/14,15572
2019/3/15,15585
2019/3/18,15596
2019/3/19,15606
2019/3/20,15607
2019/3/21,15615
2019/3/22,15618
2019/3/25,15625
2019/3/26,15625
2019/3/27,15625
2019/3/28,15636
2019/3/29,15626
2019/4/1,15628
2019/4/2,15629
2019/4/3,15630
2019/4/4,15633
2019/4/8,15636
2019/4/9,15639
2019/4/10,15642
2019/4/11,15643
2019/4/12,15643
2019/4/15,15653
2019/4/16,15668
2019/4/17,15669
2019/4/18,15672
2019/4/19,15671
2019/4/22,15693
2019/4/23,15706
2019/4/24,15703
2019/4/25,15683
2019/4/26,15682
2019/4/28,15671
2019/4/29,15671
2019/4/30,15643
2019/5/5,15642
2019/5/6,15623
2019/5/7,15613
2019/5/8,15608
2019/5/9,15599
2019/5/10,15588
2019/5/13,15489
2019/5/14,15323
2019/5/15,15191
2019/5/16,14969
2019/5/17,14961
2019/5/20,14916
2019/5/21,14859
2019/5/22,14791
2019/5/23,14703
2019/5/24,14621
2019/5/27,14609
2019/5/28,14596
2019/5/29,14589
2019/5/30,14581
2019/5/31,14581
2019/6/3,14519
2019/6/4,14423
2019/6/5,14305
2019/6/6,14092
2019/6/10,14019
2019/6/11,14008
2019/6/12,14011
2019/6/13,14019
2019/6/14,14062
2019/6/17,14068
2019/6/18,14068
2019/6/19,14069
2019/6/20,14117
2019/6/21,14155
2019/6/24,14155
2019/6/25,14156
2019/6/26,14159
2019/6/27,14188
2019/6/28,14189
2019/7/1,14189
2019/7/2,14291
2019/7/3,14293
2019/7/4,14288
2019/7/5,14285
2019/7/8,14301
2019/7/9,14295
2019/7/10,14187
2019/7/11,14187
2019/7/12,14166
2019/7/15,14157
2019/7/16,14149
2019/7/17,14086
2019/7/18,14086
2019/7/19,14025
2019/7/22,14025
2019/7/23,14063
2019/7/24,14061
2019/7/25,14061
2019/7/26,14063
2019/7/29,14071
2019/7/30,14068
2019/7/31,14067
2019/8/1,14065
2019/8/2,14066
2019/8/5,13993
2019/8/6,13663
2019/8/7,13621
2019/8/8,13598
2019/8/9,13591
2019/8/12,13591
2019/8/13,13583
2019/8/14,13583
2019/8/15,13579
2019/8/16,13576
2019/8/19,13571
2019/8/20,13558
2019/8/21,13558
2019/8/22,13543
2019/8/23,13543
2019/8/26,13422
2019/8/27,13079
2019/8/28,13003
2019/8/29,12983
2019/8/30,12985
2019/9/2,12982
2019/9/3,12931
2019/9/4,12931
2019/9/5,12939
2019/9/6,12981
2019/9/9,13017
2019/9/10,13017
2019/9/11,13028
2019/9/12,13031
2019/9/16,13051
2019/9/17,13146
2019/9/18,13103
2019/9/19,13047
2019/9/20,13036
2019/9/23,13036
2019/9/24,13025
2019/9/25,12966
2019/9/26,12885
2019/9/27,12812
2019/9/29,12629
2019/9/30,12608
2019/10/1,12608
2019/10/2,12607
2019/10/3,12598
2019/10/4,12599
2019/10/7,12600
2019/10/8,12601
2019/10/9,12622
2019/10/10,12628
2019/10/11,12628
2019/10/12,12651
2019/10/14,12753
2019/10/15,12759
2019/10/16,12765
2019/10/17,12763
2019/10/18,12766
2019/10/21,12777
2019/10/22,12777
2019/10/23,12783
2019/10/24,12791
2019/10/25,12791
2019/10/28,12800
2019/10/29,12828
2019/10/30,12879
2019/10/31,12971
2019/11/1,12999
2019/11/4,13002
2019/11/5,13013
2019/11/6,13048
2019/11/7,13048
2019/11/8,13046
2019/11/11,13047
2019/11/12,13056
2019/11/13,13056
2019/11/14,13077
2019/11/15,13077
2019/11/18,13100
2019/11/19,13100
2019/11/20,13087
2019/11/21,13055
2019/11/22,13050
2019/11/25,13049
2019/11/26,13069
2019/11/27,13099
2019/11/28,13097
2019/11/29,13092
2019/12/2,13076
2019/12/3,13043
2019/12/4,13033
2019/12/5,13031
2019/12/6,13051
2019/12/9,13082
2019/12/10,13093
2019/12/11,13093
2019/12/12,13100
2019/12/13,13131
2019/12/16,13149
2019/12/17,13157
2019/12/18,13173
2019/12/19,13178
2019/12/20,13187
2019/12/23,13202
2019/12/24,13213
2019/12/25,13232
2019/12/26,13232
2019/12/27,13235
2019/12/30,13318
2019/12/31,13369
2020/1/2,13601
2020/1/3,13619
2020/1/6,13698
2020/1/7,13743
2020/1/8,13806
2020/1/9,13815
2020/1/10,13823
2020/1/13,13846
2020/1/14,13996
2020/1/15,13949
2020/1/16,13886
2020/1/17,13883
2020/1/19,13888
2020/1/20,13901
2020/1/21,13912
2020/1/22,13861
2020/1/23,13833
2020/2/3,13592
2020/2/4,13437
2020/2/5,13431
2020/2/6,13431
2020/2/7,13437
2020/2/10,13437
2020/2/11,13438
2020/2/12,13445
2020/2/13,13419
2020/2/14,13411
2020/2/17,13413
2020/2/18,13469
2020/2/19,13458
2020/2/20,13471
2020/2/21,13489
2020/2/24,13466
2020/2/25,13365
2020/2/26,13342
2020/2/27,13323
2020/2/28,13086
2020/3/2,12887
2020/3/3,12986
2020/3/4,12991
2020/3/5,12983
2020/3/6,12996
2020/3/9,12753
2020/3/10,12641
2020/3/11,12723
2020/3/12,12680
2020/3/13,12555
2020/3/16,12396
2020/3/17,12273
2020/3/18,12273
2020/3/19,12223
2020/3/20,11825
2020/3/23,11532
2020/3/24,11299
2020/3/25,11151
2020/3/26,11323
2020/3/27,11399
2020/3/30,11302
2020/3/31,11091
2020/4/1,11203
2020/4/2,11105
2020/4/3,11093
2020/4/7,11216
2020/4/8,11309
2020/4/9,11362
2020/4/10,11465
2020/4/13,11500
2020/4/14,11479
2020/4/15,11472
2020/4/16,11472
2020/4/17,11463
2020/4/20,11463
2020/4/21,11471
2020/4/22,11370
2020/4/23,11353
2020/4/24,11503
2020/4/26,11500
2020/4/27,11500
2020/4/28,11485
2020/4/29,11432
2020/4/30,11501
2020/5/6,11488
2020/5/7,11387
2020/5/8,11463
2020/5/9,11566
2020/5/11,11577
2020/5/12,11549
2020/5/13,11526
2020/5/14,11515
2020/5/15,11515
2020/5/18,11541
2020/5/19,11563
2020/5/20,11666
2020/5/21,11801
2020/5/22,11900
2020/5/25,11843
2020/5/26,11831
2020/5/27,11848
2020/5/28,11848
2020/5/29,11807
2020/6/1,11795
2020/6/2,11795
2020/6/3,11903
2020/6/4,11919
2020/6/5,11922
2020/6/8,12003
2020/6/9,12101
2020/6/10,12103
2020/6/11,12103
2020/6/12,12083
2020/6/15,11983
2020/6/16,11950
2020/6/17,11950
2020/6/18,11983
2020/6/19,12011
2020/6/22,12026
2020/6/23,11973
2020/6/24,11916
2020/6/28,11863
2020/6/29,11863
2020/6/30,11866
2020/7/1,11889
2020/7/2,11932
2020/7/3,12003
2020/7/6,12053
2020/7/7,12073
2020/7/8,12073
2020/7/9,12076
2020/7/10,12131
2020/7/13,12173
2020/7/14,12191
2020/7/15,12150
2020/7/16,12163
2020/7/17,12163
2020/7/20,12162
2020/7/21,12162
2020/7/22,12271
2020/7/23,12321
2020/7/24,12299
2020/7/27,12258
2020/7/28,12239
2020/7/29,12242
2020/7/30,12253
2020/7/31,12319
2020/8/3,12281
2020/8/4,12333
2020/8/5,12362
2020/8/6,12362
2020/8/7,12408
2020/8/10,12431
2020/8/11,12399
2020/8/12,12399
2020/8/13,12406
2020/8/14,12403
2020/8/17,12403
2020/8/18,12466
2020/8/19,12499
2020/8/20,12498
2020/8/21,12497
2020/8/24,12530
2020/8/25,12613
2020/8/26,12651
2020/8/27,12659
2020/8/28,12697
2020/8/31,12708
2020/9/1,12771
2020/9/2,12813
2020/9/3,12841
2020/9/4,12821
2020/9/7,12811
2020/9/8,12823
2020/9/9,12796
2020/9/10,12633
2020/9/11,12636
2020/9/14,12649
2020/9/15,12682
2020/9/16,12758
2020/9/17,12773
2020/9/18,12803
2020/9/21,12806
2020/9/22,12848
2020/9/23,12871
2020/9/24,12871
2020/9/25,12868
2020/9/27,12848
2020/9/28,12851
2020/9/29,12861
2020/9/30,12891
2020/10/1,12903
2020/10/2,12900
2020/10/5,12887
2020/10/6,12882
2020/10/7,12897
2020/10/8,12938
2020/10/9,12963
2020/10/10,13256
2020/10/12,13617
2020/10/13,13832
2020/10/14,14003
2020/10/15,14306
2020/10/16,14421
2020/10/19,14923
2020/10/20,14923
2020/10/21,14822
2020/10/22,14643
2020/10/23,14643
2020/10/26,14636
2020/10/27,14636
2020/10/28,14639
2020/10/29,14641
2020/10/30,14599
2020/11/2,14600
2020/11/3,14597
2020/11/4,14585
2020/11/5,14593
2020/11/6,14591
2020/11/9,14458
2020/11/10,14439
2020/11/11,14448
2020/11/12,14501
2020/11/13,14493
2020/11/16,14473
2020/11/17,14473
2020/11/18,14450
2020/11/19,14450
2020/11/20,14531
2020/11/23,14531
2020/11/24,14588
2020/11/25,14589
2020/11/26,14583
2020/11/27,14578
2020/11/30,14651
2020/12/1,14598
2020/12/2,14582
2020/12/3,14569
2020/12/4,14569
2020/12/7,14582
2020/12/8,14663
2020/12/9,14663
2020/12/10,14663
2020/12/11,14701
2020/12/14,14789
2020/12/15,14842
2020/12/16,14843
2020/12/17,14876
2020/12/18,14882
2020/12/21,14981
2020/12/22,14981
2020/12/23,14893
2020/12/24,14909
2020/12/25,14921
2020/12/28,14932
2020/12/29,14938
2020/12/30,14953
2020/12/31,14963
2021/1/4,15136
2021/1/5,15203
2021/1/6,15299
2021/1/7,15302
2021/1/8,15311
2021/1/11,15299
2021/1/12,15191
2021/1/13,15257
2021/1/14,15333
2021/1/15,15250
2021/1/18,15251
2021/1/19,15313
2021/1/20,15316
2021/1/21,15299
2021/1/22,15319
2021/1/25,15311
2021/1/26,15311
2021/1/27,15295
2021/1/28,15298
2021/1/29,15243
2021/2/1,15243
2021/2/2,15319
2021/2/3,15303
2021/2/4,15266
2021/2/5,15457
2021/2/7,15568
2021/2/8,15568
2021/2/9,15581
2021/2/10,15663
2021/2/18,15911
2021/2/19,16013
2021/2/20,16112
2021/2/22,16223
2021/2/23,16273
2021/2/24,16432
2021/2/25,16558
2021/2/26,16558
2021/3/1,16543
2021/3/2,16711
2021/3/3,16696
2021/3/4,16633
2021/3/5,16336
2021/3/8,16339
2021/3/9,16339
2021/3/10,16018
2021/3/11,15835
2021/3/12,15986
2021/3/15,16063
2021/3/16,15963
2021/3/17,15963
2021/3/18,16013
2021/3/19,15921
2021/3/22,15735
2021/3/23,15753
2021/3/24,15566
2021/3/25,15547
2021/3/26,15148
2021/3/29,15201
2021/3/30,15246
2021/3/31,15246
2021/4/1,15237
2021/4/2,15248
2021/4/6,15283
2021/4/7,15383
2021/4/8,15372
2021/4/9,15369
2021/4/12,15371
2021/4/13,15293
2021/4/14,15221
2021/4/15,15353
2021/4/16,15551
2021/4/19,15578
2021/4/20,15578
2021/4/21,15569
2021/4/22,15582
2021/4/23,15703
2021/4/25,15902
2021/4/26,16005
2021/4/27,15953
2021/4/28,16016
2021/4/29,16021
2021/4/30,15872
2021/5/6,15859
2021/5/7,16154
2021/5/8,16115
2021/5/10,16134
2021/5/11,16074
2021/5/12,16218
2021/5/13,16202
2021/5/14,15912
2021/5/17,15924
2021/5/18,15925
2021/5/19,15925
2021/5/20,15851
2021/5/21,15871
2021/5/24,15869
2021/5/25,15869
2021/5/26,15835
2021/5/27,15772
2021/5/28,15772
2021/5/31,15760
2021/6/1,15780
2021/6/2,15852
2021/6/3,15930
2021/6/4,15992
2021/6/7,16030
2021/6/8,16005
2021/6/9,16117
2021/6/10,16111
2021/6/11,16166
2021/6/15,15921
2021/6/16,15945
2021/6/17,15904
2021/6/18,15846
2021/6/21,15831
2021/6/22,15842
2021/6/23,15948
2021/6/24,16067
2021/6/25,16087
2021/6/28,16105
2021/6/29,16108
2021/6/30,16097
2021/7/1,16091
2021/7/2,16264
2021/7/5,16347
2021/7/6,16541
2021/7/7,16576
2021/7/8,16520
2021/7/9,16501
2021/7/12,16610
2021/7/13,16653
2021/7/14,16779
2021/7/15,17066
2021/7/16,17092
2021/7/19,17111
2021/7/20,17096
2021/7/21,17034
2021/7/22,17097
2021/7/23,17292
2021/7/26,17388
2021/7/27,17503
2021/7/28,17752
2021/7/29,17753
2021/7/30,17731
2021/8/2,17599
2021/8/3,17584
2021/8/4,17515
2021/8/5,17513
2021/8/6,17528
2021/8/9,17694
2021/8/10,17718
2021/8/11,17830
2021/8/12,17841
2021/8/13,17903
2021/8/16,18068
2021/8/17,18404
2021/8/18,18542
2021/8/19,18541
2021/8/20,18497
2021/8/23,18384
2021/8/24,18309
2021/8/25,18209
2021/8/26,18165
2021/8/27,18195
2021/8/30,18186
2021/8/31,18127
2021/9/1,17983
2021/9/2,17923
2021/9/3,17954
2021/9/6,18131
2021/9/7,18213
2021/9/8,18245
2021/9/9,18391
2021/9/10,18416
2021/9/13,18276
2021/9/14,18156
2021/9/15,18128
2021/9/16,18142
2021/9/17,18164
2021/9/18,18118
2021/9/22,18045
2021/9/23,17928
2021/9/24,17922
2021/9/26,18077
2021/9/27,18295
2021/9/28,18675
2021/9/29,18935
2021/9/30,19104
2021/10/4,19616
2021/10/5,19641
2021/10/6,19655
2021/10/7,19834
2021/10/8,20150
2021/10/9,21687
2021/10/11,21699
2021/10/12,21599
2021/10/13,21518
2021/10/14,21429
2021/10/15,21591
2021/10/18,22109
2021/10/19,22136
2021/10/20,22192
2021/10/21,22180
2021/10/22,22142
2021/10/25,22126
2021/10/26,22214
2021/10/27,22313
2021/10/28,22279
2021/10/29,22301
2021/11/1,22318
2021/11/2,22354
2021/11/3,22316
2021/11/4,22312
2021/11/5,22268
2021/11/8,22318
2021/11/9,22372
2021/11/10,22471
2021/11/11,22571
2021/11/12,22600
2021/11/15,22657
2021/11/16,22692
2021/11/17,22687
2021/11/18,22713
2021/11/19,22710
2021/11/22,22683
2021/11/23,22678
2021/11/24,22667
2021/11/25,22653
2021/11/26,22641
2021/11/29,22609
2021/11/30,22544
2021/12/1,22242
2021/12/2,22020
2021/12/3,22050
2021/12/6,21995
2021/12/7,21985
2021/12/8,21953
2021/12/9,21910
2021/12/10,21883
2021/12/13,21874
2021/12/14,21916
2021/12/15,21880
2021/12/16,21890
2021/12/17,21876
2021/12/20,21968
2021/12/21,21921
2021/12/22,21929
2021/12/23,21947
2021/12/24,21959
2021/12/27,21984
2021/12/28,21968
2021/12/29,22027
2021/12/30,22029
2021/12/31,22107
2022/1/4,22207
2022/1/5,22246
2022/1/6,22326
2022/1/7,22333
2022/1/10,22374
2022/1/11,22471
2022/1/12,22443
2022/1/13,22455
2022/1/14,22460
2022/1/17,22477
2022/1/18,22591
2022/1/19,22578
2022/1/20,22628
2022/1/21,22645
2022/1/24,22642
2022/1/25,22652
2022/1/26,22707
2022/1/27,22724
2022/1/28,22727
2022/1/29,22718
2022/1/30,22717
2022/2/7,22762
2022/2/8,22846
2022/2/9,22843
2022/2/10,22875
2022/2/11,22886
2022/2/14,22941
2022/2/15,22963
2022/2/16,22892
2022/2/17,22849
2022/2/18,22822
2022/2/21,22783
2022/2/22,22805
2022/2/23,22818
2022/2/24,22826
2022/2/25,22816
2022/2/28,22771
2022/3/1,22656
2022/3/2,22666
2022/3/3,22675
2022/3/4,22700
2022/3/7,22684
2022/3/8,22704
2022/3/9,22727
2022/3/10,22752
2022/3/11,22706
2022/3/14,22734
2022/3/15,22723
2022/3/16,22665
2022/3/17,22680
2022/3/18,22683
2022/3/21,22697
2022/3/22,22714
2022/3/23,22784
2022/3/24,22760
2022/3/25,22768
2022/3/28,22809
2022/3/29,22905
2022/3/30,22897
2022/3/31,22899
2022/4/1,22868
2022/4/2,22834
2022/4/6,22846
2022/4/7,22814
2022/4/8,22751
2022/4/11,22738
2022/4/12,22732
2022/4/13,22715
2022/4/14,22627
2022/4/15,22554
2022/4/18,22562
2022/4/19,22627
2022/4/20,22614
2022/4/21,22578
2022/4/22,22525
2022/4/24,22517
2022/4/25,22497
2022/4/26,22446
2022/4/27,22354
2022/4/28,22357
2022/4/29,22426
2022/5/5,22438
2022/5/6,22502
2022/5/7,22389
2022/5/9,22344
2022/5/10,22320
2022/5/11,22313
2022/5/12,22313
2022/5/13,22289
2022/5/16,22269
2022/5/17,22245
2022/5/18,22217
2022/5/19,22166
2022/5/20,22105
2022/5/23,22045
2022/5/24,21966
2022/5/25,21888
2022/5/26,21765
2022/5/27,21768
2022/5/30,21587
2022/5/31,21519
2022/6/1,21525
2022/6/2,21526
2022/6/6,21380
2022/6/7,21406
2022/6/8,21267
2022/6/9,21242
2022/6/10,21247
2022/6/13,21238
2022/6/14,21192
2022/6/15,21152
2022/6/16,21021
2022/6/17,20708
2022/6/20,20389
2022/6/21,20020
2022/6/22,20074
2022/6/23,19792
2022/6/24,19347
2022/6/27,18603
2022/6/28,18325
2022/6/29,18341
2022/6/30,18369
2022/7/1,18384
2022/7/4,18172
2022/7/5,18131
2022/7/6,17919
2022/7/7,17720
2022/7/8,17703
2022/7/11,17664
2022/7/12,17559
2022/7/13,17408
2022/7/14,16601
2022/7/15,16480
2022/7/18,15917
2022/7/19,16101
2022/7/20,15887
2022/7/21,15739
2022/7/22,15807
2022/7/25,15842
2022/7/26,15865
2022/7/27,15837
2022/7/28,15752
2022/7/29,15818
2022/8/1,15857
2022/8/2,15778
2022/8/3,15674
2022/8/4,15683
2022/8/5,15688
2022/8/8,15629
2022/8/9,15676
2022/8/10,15633
2022/8/11,15659
2022/8/12,15672
2022/8/15,15715
2022/8/16,15885
2022/8/17,16015
2022/8/18,16051
2022/8/19,15902
2022/8/22,15919
2022/8/23,15958
2022/8/24,15945
2022/8/25,15952
2022/8/26,15963
2022/8/29,15965
2022/8/30,15969
2022/8/31,15984
2022/9/1,15992
2022/9/2,15988
2022/9/5,15883
2022/9/6,15862
2022/9/7,15840
2022/9/8,15798
2022/9/9,15769
2022/9/13,15706
2022/9/14,15612
2022/9/15,15657
2022/9/16,15728
2022/9/19,15706
2022/9/20,15579
2022/9/21,15560
2022/9/22,15562
2022/9/23,15615
2022/9/26,15503
2022/9/27,15501
2022/9/28,15509
2022/9/29,15487
2022/9/30,15502
2022/10/3,15485
2022/10/4,15503
2022/10/5,15502
2022/10/6,15502
2022/10/7,15511
2022/10/8,15490
2022/10/9,15508
2022/10/10,15492
2022/10/11,15523
2022/10/12,15742
2022/10/13,15966
2022/10/14,15986
2022/10/17,15991
2022/10/18,15972
2022/10/19,15947
2022/10/20,15930
2022/10/21,15889
2022/10/24,15894
2022/10/25,15834
2022/10/26,15807
2022/10/27,15813
2022/10/28,15815
2022/10/31,15496
2022/11/1,15420
2022/11/2,15375
2022/11/3,15410
2022/11/4,15448
2022/11/7,15426
2022/11/8,15461
2022/11/9,15364
2022/11/10,15256
2022/11/11,15261
2022/11/14,15247
2022/11/15,15213
2022/11/16,15181
2022/11/17,15176
2022/11/18,15183
2022/11/21,15197
2022/11/22,15107
2022/11/23,15090
2022/11/24,15092
2022/11/25,15095
2022/11/28,15061
2022/11/29,14998
2022/11/30,14973
2022/12/1,14932
2022/12/2,14942
2022/12/5,14905
2022/12/6,14911
2022/12/7,14887
2022/12/8,14914
2022/12/9,14915
2022/12/12,14959
2022/12/13,15018
2022/12/14,15006
2022/12/15,14982
2022/12/16,14989
2022/12/19,14999
2022/12/20,14977
2022/12/21,14960
2022/12/22,14983
2022/12/23,14988
2022/12/26,14958
2022/12/27,14998
2022/12/28,15019
2022/12/29,15045
2022/12/30,15046
2023/1/3,15050
2023/1/4,15074
2023/1/5,15106
2023/1/6,15103
2023/1/9,15114
2023/1/10,15167
2023/1/11,15236
2023/1/12,15230
2023/1/13,15219
2023/1/16,15234
2023/1/17,15234
2023/1/18,15252
2023/1/19,15351
2023/1/20,15486
2023/1/30,15789
2023/1/31,15872
2023/2/1,15923
2023/2/2,15985
2023/2/3,15963
2023/2/6,15964
2023/2/7,15931
2023/2/8,15927
2023/2/9,15914
2023/2/10,15920
2023/2/13,15878
2023/2/14,15707
2023/2/15,15643
2023/2/16,15607
2023/2/17,15596
2023/2/20,15489
2023/2/21,15475
2023/2/22,15492
2023/2/23,15481
2023/2/24,15514
2023/2/27,15439
2023/2/28,15390
2023/3/1,15381
2023/3/2,15412
2023/3/3,15519
2023/3/6,15608
2023/3/7,15642
2023/3/8,15625
2023/3/9,15640
2023/3/10,15590
2023/3/13,15548
2023/3/14,15455
2023/3/15,15445
2023/3/16,15447
2023/3/17,15343
2023/3/20,15226
2023/3/21,15238
2023/3/22,15223
2023/3/23,15208
2023/3/24,15214
2023/3/27,15181
2023/3/28,15191
2023/3/29,15295
2023/3/30,15333
2023/3/31,15347
2023/4/3,15379
2023/4/4,15370
2023/4/6,15370
2023/4/7,15423
2023/4/10,15514
2023/4/11,15522
2023/4/12,15516
2023/4/13,15509
2023/4/14,15522
2023/4/17,15544
2023/4/18,15568
2023/4/19,15733
2023/4/20,15742
2023/4/21,15735
2023/4/23,15662
2023/4/24,15672
2023/4/25,15691
2023/4/26,15708
2023/4/27,15770
2023/4/28,15819
2023/5/4,15920
2023/5/5,16093
2023/5/6,16163
2023/5/8,16363
2023/5/9,16397
2023/5/10,16353
2023/5/11,16337
2023/5/12,16299
2023/5/15,16262
2023/5/16,16273
2023/5/17,16340
2023/5/18,16350
2023/5/19,16380
2023/5/22,16449
2023/5/23,16624
2023/5/24,16658
2023/5/25,16620
2023/5/26,16501
2023/5/29,16440
2023/5/30,16433
2023/5/31,16408
2023/6/1,16390
2023/6/2,16510
2023/6/5,16914
2023/6/6,17179
2023/6/7,17306
2023/6/8,17385
2023/6/9,17414
2023/6/12,17403
2023/6/13,17461
2023/6/14,17491
2023/6/15,17505
2023/6/16,17540
2023/6/19,17510
2023/6/20,17450
2023/6/21,17427
2023/6/25,17374
2023/6/26,17366
2023/6/27,17335
2023/6/28,17312
2023/6/29,17312
2023/6/30,17304
2023/7/3,17367
2023/7/4,17437
2023/7/5,17424
2023/7/6,17403
2023/7/7,17419
2023/7/10,17444
2023/7/11,17439
2023/7/12,17579
2023/7/13,17800
2023/7/14,17884
2023/7/17,17942
2023/7/18,17854
2023/7/19,17920
2023/7/20,17903
2023/7/21,18049
2023/7/24,18070
2023/7/25,17990
2023/7/26,17981
2023/7/27,17986
2023/7/28,18017
2023/7/31,17998
2023/8/1,18090
2023/8/2,18176
2023/8/3,18164
2023/8/4,18104
2023/8/7,18071
2023/8/8,18124
2023/8/9,18135
2023/8/10,18110
2023/8/11,18118
2023/8/14,18126
2023/8/15,18090
2023/8/16,18086
2023/8/17,18076
2023/8/18,18012
2023/8/21,18011
2023/8/22,18035
2023/8/23,17978
2023/8/24,18011
2023/8/25,18030
2023/8/28,18103
2023/8/29,18288
2023/8/30,18271
2023/8/31,18294
2023/9/1,18350
2023/9/4,18433
2023/9/5,18376
2023/9/6,18362
2023/9/7,18406
2023/9/8,18242
2023/9/11,18172
2023/9/12,18189
2023/9/13,18224
2023/9/14,18183
2023/9/15,18166
2023/9/18,18172
2023/9/19,18169
2023/9/20,18222
2023/9/21,18220
2023/9/22,18197
2023/9/25,18189
2023/9/26,18171
2023/9/27,18198
2023/9/28,18220
2023/10/2,18264
2023/10/3,18266
2023/10/4,18273
2023/10/5,18296
2023/10/6,18291
2023/10/7,18303
2023/10/8,18291
2023/10/9,18363
2023/10/10,18379
2023/10/11,18230
2023/10/12,18180
2023/10/13,18077
2023/10/16,18081
2023/10/17,18062
2023/10/18,17972
2023/10/19,17837
2023/10/20,17724
2023/10/23,17463
2023/10/24,17204
2023/10/25,17331
2023/10/26,17403
2023/10/27,17349
2023/10/30,17379
2023/10/31,17315
2023/11/1,17166
2023/11/2,17045
2023/11/3,17029
2023/11/6,17055
2023/11/7,17034
2023/11/8,17055
2023/11/9,17022
2023/11/10,16981
2023/11/13,16991
2023/11/14,16843
2023/11/15,16905
2023/11/16,16958
2023/11/17,16915
2023/11/20,16898
2023/11/21,16866
2023/11/22,16678
2023/11/23,16608
2023/11/24,16569
2023/11/27,16481
2023/11/28,16423
2023/11/29,16314
2023/11/30,16333
2023/12/1,16357
2023/12/4,16366
2023/12/5,16182
2023/12/6,16187
2023/12/7,16212
2023/12/8,16215
2023/12/11,16263
2023/12/12,16336
2023/12/13,16333
2023/12/14,16262
2023/12/15,16290
2023/12/18,16253
2023/12/19,16192
2023/12/20,16180
2023/12/21,16200
2023/12/22,16208
2023/12/25,16231
2023/12/26,16336
2023/12/27,16382
2023/12/28,16396
2023/12/29,16462
2024/1/2,16483
2024/1/3,16512
2024/1/4,16562
2024/1/5,16625
2024/1/8,16609
2024/1/9,16602
2024/1/10,16551
2024/1/11,16595
2024/1/12,16574
2024/1/15,16584
2024/1/16,16545
2024/1/17,16579
2024/1/18,16576
2024/1/19,16744
2024/1/22,16791
2024/1/23,16847
2024/1/24,16824
2024/1/25,16846
2024/1/26,16871
2024/1/29,16927
2024/1/30,16942
2024/1/31,16995
2024/2/1,16980
2024/2/2,16981
2024/2/4,16975
2024/2/5,16999
2024/2/6,17024
2024/2/7,17032
2024/2/8,17035
2024/2/9,17077
2024/2/18,17089
2024/2/19,17098
2024/2/20,17185
2024/2/21,17154
2024/2/22,17151
